"","Stock","Total","Commercial","Sector","Common Pool","Recreational","Herring Fishery","Scallop Fishery","State Water","Other","Year","Small Mesh","data_type"
"1","GB cod",NA,NA,NA,84,NA,NA,NA,27.7,171.4,2010,NA,"Catch"
"2","GOM cod",NA,NA,NA,226,NA,NA,NA,190.3,57.8,2010,NA,"Catch"
"3","GB Haddock",NA,NA,NA,92.2,NA,69.2,NA,1.6,131,2010,NA,"Catch"
"4","GOM Haddock",784.6,774,370.5,7.1,396.3,0.5,NA,8.5,1.6,2010,NA,"Catch"
"5","GB Yellowtail Flounder",809.7,757.6,739,18.6,NA,NA,17.6,0,34.4,2010,NA,"Catch"
"6","SNE Yellowtail Flounder",314.7,171.9,152.5,19.4,NA,NA,113,6.7,23.1,2010,NA,"Catch"
"7","CC/GOM Yellowtail Flounder",671.4,596.7,559.8,36.9,NA,NA,NA,33.2,41.6,2010,NA,"Catch"
"8","Plaice",NA,NA,NA,32.8,NA,NA,NA,25.1,46.2,2010,NA,"Catch"
"9","Witch Flounder",832.5,725.3,695.4,30,NA,NA,NA,23.5,83.7,2010,NA,"Catch"
"10","GB Winter Flounder",NA,NA,NA,8.8,NA,NA,NA,0,140.1,2010,NA,"Catch"
"11","GOM Winter Flounder",193.5,106.1,80.7,25.4,NA,NA,NA,64.2,23.2,2010,NA,"Catch"
"12","SNE Winter Flounder",370.1,47.4,42.3,5.1,NA,NA,NA,181,141.8,2010,NA,"Catch"
"13","Redfish",NA,NA,NA,7.9,NA,NA,NA,10.5,5.2,2010,NA,"Catch"
"14","White Hake",NA,NA,NA,44.2,NA,NA,NA,25.3,59.6,2010,NA,"Catch"
"15","Pollock",NA,NA,NA,151.2,NA,NA,NA,NA,871.1,2010,NA,"Catch"
"16","Northern Windowpane",162.6,153.5,151.7,1.8,NA,NA,NA,0,9.1,2010,NA,"Catch"
"17","Southern Windowpane",534.9,73.6,52.7,20.9,NA,NA,NA,31,430.3,2010,NA,"Catch"
"18","Ocean Pout",102.4,65.2,56.5,8.7,NA,NA,NA,0,37.1,2010,NA,"Catch"
"19","Halibut",36.2,27.8,25.6,2.2,NA,NA,NA,6.6,1.8,2010,NA,"Catch"
"20","Wolffish",22.5,22.4,18.9,3.5,NA,NA,NA,0,0.1,2010,NA,"Catch"
"21","GB cod",NA,NA,NA,61.5,NA,NA,NA,38.9,90.2,2011,NA,"Catch"
"22","GOM cod",NA,NA,NA,93.4,NA,NA,NA,216.4,28.8,2011,NA,"Catch"
"23","GB Haddock",NA,NA,NA,11.7,NA,101.8,NA,3.9,305.8,2011,NA,"Catch"
"24","GOM Haddock",737.6,724.1,483.7,1.9,238.5,0.2,NA,4.9,8.4,2011,NA,"Catch"
"25","GB Yellowtail Flounder",NA,990,988,2,NA,NA,83.9,0,43.2,2011,NA,"Catch"
"26","SNE/MA Yellowtail Flounder",514.9,376.2,364,12.2,NA,NA,110.9,1.1,26.7,2011,NA,"Catch"
"27","CC/GOM Yellowtail Flounder",853.1,806.5,795.1,11.4,NA,NA,NA,38.5,8.1,2011,NA,"Catch"
"28","Plaice",NA,NA,NA,4.5,NA,NA,NA,12.1,12.6,2011,NA,"Catch"
"29","Witch Flounder",NA,997.1,992.9,4.2,NA,NA,NA,22.5,166.4,2011,NA,"Catch"
"30","GB Winter Flounder",NA,NA,NA,1.1,NA,NA,NA,0,59.4,2011,NA,"Catch"
"31","GOM Winter Flounder",287.3,160.8,158.2,2.6,NA,NA,NA,113.3,13.2,2011,NA,"Catch"
"32","SNE/MA Winter Flounder",298.7,93.9,86.9,7,NA,NA,NA,40,164.9,2011,NA,"Catch"
"33","Redfish",NA,NA,NA,3.6,NA,NA,NA,3.6,10.2,2011,NA,"Catch"
"34","White Hake",NA,NA,NA,14.1,NA,NA,NA,2.6,4.4,2011,NA,"Catch"
"35","Pollock",NA,NA,NA,69.2,NA,NA,NA,694,757.6,2011,NA,"Catch"
"36","Northern Windowpane",191.3,156.5,156.2,0.3,NA,NA,NA,0,34.8,2011,NA,"Catch"
"37","Southern Windowpane",504.1,111.5,83,28.5,NA,NA,NA,16.6,376,2011,NA,"Catch"
"38","Ocean Pout",90.2,60.7,56.3,4.4,NA,NA,NA,0,29.5,2011,NA,"Catch"
"39","Halibut",52.1,42.6,41.4,1.2,NA,NA,NA,7.1,2.5,2011,NA,"Catch"
"40","Wolffish",33,32.9,32.2,0.7,NA,NA,NA,0,0.1,2011,NA,"Catch"
"41","GB cod",NA,NA,NA,28.656,NA,NA,NA,21.5,80.9,2012,NA,"Catch"
"42","GOM cod",NA,NA,NA,29.9,NA,NA,NA,44.6,4.3,2012,NA,"Catch"
"43","GB Haddock",NA,NA,NA,0.5,NA,288.6,NA,14.2,25.1,2012,NA,"Catch"
"44","GOM Haddock",530,526.7,245.1,0.9,280.7,0.1,NA,1.7,1.6,2012,NA,"Catch"
"45","GB Yellowtail Flounder",384.9,215.5,215.2,0.3,NA,NA,164,0,5.4,2012,NA,"Catch"
"46","SNE/MA Yellowtail Flounder",593.5,463,425.6,37.4,NA,NA,54,12,64.6,2012,NA,"Catch"
"47","CC/GOM Yellowtail Flounder",NA,957.6,954.3,3.2,NA,NA,NA,33.7,20.9,2012,NA,"Catch"
"48","Plaice",NA,NA,NA,3.3,NA,NA,NA,15.3,22.8,2012,NA,"Catch"
"49","Witch Flounder",NA,983.3,981,2.3,NA,NA,NA,28.2,162.5,2012,NA,"Catch"
"50","GB Winter Flounder",NA,NA,NA,0.8,NA,NA,NA,0,125.9,2012,NA,"Catch"
"51","GOM Winter Flounder",322.8,260,258,2,NA,NA,NA,60.2,2.6,2012,NA,"Catch"
"52","SNE/MA Winter Flounder*",315.9,106,104.8,1.1,NA,NA,NA,58.9,151,2012,NA,"Catch"
"53","Redfish",NA,NA,NA,5.6,NA,NA,NA,13.4,3.1,2012,NA,"Catch"
"54","White Hake",NA,NA,NA,23.8,NA,NA,NA,2.8,12,2012,NA,"Catch"
"55","Pollock",NA,NA,NA,67.8,NA,NA,NA,532.3,NA,2012,NA,"Catch"
"56","Northern Windowpane",208.9,129.6,129.5,0.1,NA,NA,NA,2.3,77,2012,NA,"Catch"
"57","Southern Windowpane",520.9,106.5,95.9,10.6,NA,NA,NA,34.4,380,2012,NA,"Catch"
"58","Ocean Pout",53.2,39.1,35.4,3.6,NA,NA,NA,1.2,13,2012,NA,"Catch"
"59","Halibut",75.7,60.7,57.4,3.3,NA,NA,NA,13.3,1.7,2012,NA,"Catch"
"60","Wolffish",32.4,30.2,30,0.1,NA,NA,NA,1,1.2,2012,NA,"Catch"
"61","GB Cod",NA,NA,NA,32.3,NA,NA,NA,9.2,34.2,2013,NA,"Catch"
"62","GOM cod",NA,NA,732,8.8,639.3,NA,NA,35.8,2.9,2013,NA,"Catch"
"63","GB Haddock",NA,NA,NA,0.4,NA,290,NA,6.1,56.5,2013,NA,"Catch"
"64","GOM Haddock",405.7,402.9,169.2,2.2,231.5,0,NA,1.3,1.6,2013,NA,"Catch"
"65","GB Yellowtail Flounder",93.3,55.8,55.8,0,NA,NA,37.5,0,0,2013,2.5,"Catch"
"66","SNE/MA Yellowtail Flounder",466.1,373.3,281.9,91.4,NA,NA,48.6,14.5,29.8,2013,NA,"Catch"
"67","CC/GOM Yellowtail Flounder",453.1,380.5,376.5,4.1,NA,NA,NA,42.8,29.7,2013,NA,"Catch"
"68","Plaice",NA,NA,NA,3.6,NA,NA,NA,19.6,29.8,2013,NA,"Catch"
"69","Witch Flounder",745.2,642.3,638.9,3.4,NA,NA,NA,27.1,75.8,2013,NA,"Catch"
"70","GB Winter Flounder",NA,NA,NA,0,NA,NA,NA,0,41,2013,NA,"Catch"
"71","GOM Winter Flounder",245.6,169.3,167.6,1.7,NA,NA,NA,67.4,8.9,2013,NA,"Catch"
"72","SNE/MA Winter Flounder",NA,788.6,670.4,118.3,NA,NA,NA,55.7,181.6,2013,NA,"Catch"
"73","Redfish",NA,NA,NA,4.4,NA,NA,NA,19,3.9,2013,NA,"Catch"
"74","White Hake",NA,NA,NA,5.8,NA,NA,NA,2.3,8.3,2013,NA,"Catch"
"75","Pollock",NA,NA,NA,36.5,NA,NA,NA,981.7,NA,2013,NA,"Catch"
"76","Northern Windowpane",280.1,237.5,237.3,0.2,NA,NA,NA,0.9,41.6,2013,NA,"Catch"
"77","Southern Windowpane",554.7,115.9,86,30,NA,NA,129.1,37.3,272.4,2013,NA,"Catch"
"78","Ocean Pout",59.3,33.2,27.3,5.9,NA,NA,NA,1.5,24.6,2013,NA,"Catch"
"79","Halibut",79,54.7,53.8,0.9,NA,NA,NA,22.8,1.5,2013,NA,"Catch"
"80","Wolffish",19.1,17.1,17.1,0,NA,NA,NA,1.3,0.7,2013,NA,"Catch"
"81","GB Cod",NA,NA,NA,22,NA,NA,NA,19.5,108.6,2014,NA,"Catch"
"82","GOM cod",NA,NA,652.2,11.1,623.3,NA,NA,38.2,70.2,2014,NA,"Catch"
"83","GB Haddock",NA,NA,NA,0.8,NA,113.5,NA,8.1,793.4,2014,NA,"Catch"
"84","GOM Haddock",NA,983.3,323.8,0.9,658.6,NA,NA,4.8,31.1,2014,NA,"Catch"
"85","GB Yellowtail Flounder",122.8,62.5,62.4,0.1,NA,NA,59.3,NA,0,2014,1.1,"Catch"
"86","SNE/MA Yellowtail Flounder",497.1,400.4,313,87.4,NA,NA,64.8,0.6,31.3,2014,NA,"Catch"
"87","CC/GOM Yellowtail Flounder",335.1,250.5,249.4,1,NA,NA,NA,45.8,38.9,2014,NA,"Catch"
"88","Plaice",NA,NA,NA,8.1,NA,NA,NA,17.5,23.8,2014,NA,"Catch"
"89","Witch Flounder",624,515.4,514.2,1.2,NA,NA,NA,38.3,70.4,2014,NA,"Catch"
"90","GB Winter Flounder",NA,NA,NA,0,NA,NA,NA,NA,43.8,2014,NA,"Catch"
"91","GOM Winter Flounder",240.8,124.3,123.7,0.6,NA,NA,NA,113.3,3.2,2014,NA,"Catch"
"92","SNE/MA Winter Flounder",703.2,545.8,489.9,55.9,NA,NA,NA,71.1,86.3,2014,NA,"Catch"
"93","Redfish",NA,NA,NA,5,NA,NA,NA,18.1,43.5,2014,NA,"Catch"
"94","White Hake",NA,NA,NA,8.5,NA,NA,NA,1.5,308,2014,NA,"Catch"
"95","Pollock",NA,NA,NA,44.8,NA,NA,NA,542.9,194.4,2014,NA,"Catch"
"96","Northern Windowpane",269.3,157.7,157.4,0.3,NA,NA,NA,2.7,108.9,2014,NA,"Catch"
"97","Southern Windowpane",478,96.3,68.2,28.1,NA,NA,140,23.4,218.2,2014,NA,"Catch"
"98","Ocean Pout",120.2,33.1,30.8,2.3,NA,NA,NA,3.9,83.2,2014,NA,"Catch"
"99","Halibut",78.6,47.8,45.9,1.9,NA,NA,NA,28.7,2.1,2014,NA,"Catch"
"100","Wolffish",15.1,14.3,14.3,NA,NA,NA,NA,0.7,0.2,2014,NA,"Catch"
"101","GB Cod",NA,NA,NA,35.8,NA,NA,NA,45.5,153,2015,NA,"Catch"
"102","GOM Cod",324.8,270.9,181.6,4.8,84.5,NA,NA,46.4,7.5,2015,NA,"Catch"
"103","GB Haddock",NA,NA,NA,0.3,NA,235.5,NA,25,668.3,2015,NA,"Catch"
"104","GOM Haddock",NA,NA,726.2,3.1,381.9,NA,NA,4,24.6,2015,NA,"Catch"
"105","GB Yellowtail Flounder",68.2,38.4,38.4,0,NA,NA,29.8,NA,0,2015,0.1,"Catch"
"106","SNE/MA Yellowtail Flounder",326.6,283.5,174.4,109.2,NA,NA,34.6,2.2,6.3,2015,NA,"Catch"
"107","CC/GOM Yellowtail Flounder",465.6,385.1,371.7,13.4,NA,NA,NA,52.6,27.9,2015,NA,"Catch"
"108","Plaice",NA,NA,NA,13.9,NA,NA,NA,23.3,21.8,2015,NA,"Catch"
"109","Witch Flounder",639.4,536.9,523.2,13.8,NA,NA,NA,40.2,62.3,2015,NA,"Catch"
"110","GB Winter Flounder",886.5,868.8,868.8,0,NA,NA,NA,NA,17.7,2015,NA,"Catch"
"111","GOM Winter Flounder",205.8,121,117.6,3.5,NA,NA,NA,79.8,5,2015,NA,"Catch"
"112","SNE/MA Winter Flounder",886.7,688,583.4,104.6,NA,NA,NA,85.2,113.5,2015,NA,"Catch"
"113","Redfish",NA,NA,NA,0.3,NA,NA,NA,4.3,2.8,2015,NA,"Catch"
"114","White Hake",NA,NA,NA,0.3,NA,NA,NA,0.7,6.8,2015,NA,"Catch"
"115","Pollock",NA,NA,NA,47,NA,NA,NA,441.5,629.7,2015,NA,"Catch"
"116","Northern Windowpane",189.8,73.6,73.6,0,NA,NA,NA,1.3,114.9,2015,NA,"Catch"
"117","Southern Windowpane",643.4,137.6,90.4,47.2,NA,NA,210.6,39.1,256.1,2015,NA,"Catch"
"118","Ocean Pout",76.3,52.3,44.1,8.2,NA,NA,NA,1.7,22.3,2015,NA,"Catch"
"119","Halibut",102,59,58.5,0.4,NA,NA,NA,41.1,1.9,2015,NA,"Catch"
"120","Wolffish",19.7,18.7,18.7,NA,NA,NA,NA,0.7,0.4,2015,NA,"Catch"
"121","GB Cod",NA,596.6,582.3,14.3,NA,NA,NA,77.5,458,2016,NA,"Catch"
"122","GOM Cod",633.7,547.4,260.4,6.1,280.9,NA,NA,77.3,9,2016,NA,"Catch"
"123","GB Haddock",NA,NA,NA,1,NA,118.9,NA,14.1,266.4,2016,NA,"Catch"
"124","GOM Haddock",NA,NA,NA,10.4,887,1.9,NA,9.2,98.5,2016,NA,"Catch"
"125","GB Yellowtail Flounder",30.7,23.9,23.9,NA,NA,NA,2.1,NA,0,2016,4.8,"Catch"
"126","SNE/MA Yellowtail Flounder",84.7,62.5,44.5,18,NA,NA,10.7,0.7,10.8,2016,NA,"Catch"
"127","CC/GOM Yellowtail Flounder",360.4,261,248.8,12.1,NA,NA,NA,50.8,48.7,2016,NA,"Catch"
"128","Plaice",NA,NA,NA,17.4,NA,NA,NA,36,33.7,2016,NA,"Catch"
"129","Witch Flounder",460.3,358.8,351.4,7.4,NA,NA,NA,46.2,55.2,2016,NA,"Catch"
"130","GB Winter Flounder",426.9,422.6,422.6,NA,NA,NA,NA,NA,4.3,2016,NA,"Catch"
"131","GOM Winter Flounder",247.7,111.9,109.2,2.7,NA,NA,NA,130.7,5.1,2016,NA,"Catch"
"132","SNE/MA Winter Flounder",597.2,453.3,396.6,56.7,NA,NA,NA,26.1,117.8,2016,NA,"Catch"
"133","Redfish",NA,NA,NA,0.4,NA,NA,NA,4.7,8.8,2016,NA,"Catch"
"134","White Hake",NA,NA,NA,0.7,NA,NA,NA,1.2,10,2016,NA,"Catch"
"135","Pollock",NA,NA,NA,23.6,NA,NA,NA,631.9,381.8,2016,NA,"Catch"
"136","Northern Windowpane",83.7,45,45,0,NA,NA,NA,0.7,37.9,2016,NA,"Catch"
"137","Southern Windowpane",417.2,126.7,108.3,18.4,NA,NA,84.4,28,178.1,2016,NA,"Catch"
"138","Ocean Pout",43.3,17.1,16.3,0.8,NA,NA,NA,0.4,25.8,2016,NA,"Catch"
"139","Halibut",108,56.9,56.7,0.2,NA,NA,NA,47.8,3.3,2016,NA,"Catch"
"140","Wolffish",0.8,0.6,0.6,0,NA,NA,NA,0,0.2,2016,NA,"Catch"
"141","GB Cod",522.5,446,439.5,6.4,NA,NA,NA,9.7,66.8,2017,NA,"Catch"
"142","GOM Cod",612.6,514.3,260.6,8.2,245.4,NA,NA,69.5,28.9,2017,NA,"Catch"
"143","GB Haddock",NA,NA,NA,0.3,NA,47.9,NA,12.3,180,2017,NA,"Catch"
"144","GOM Haddock",NA,NA,NA,14.1,795,NA,NA,29.4,56.2,2017,NA,"Catch"
"145","GB Yellowtail Flounder",84,31,31,NA,NA,NA,52.6,NA,0,2017,0.4,"Catch"
"146","SNE/MA Yellowtail Flounder",24.4,14.5,10.5,4,NA,NA,4.3,1.1,4.6,2017,NA,"Catch"
"147","CC/GOM Yellowtail Flounder",311.5,205.7,196.3,9.4,NA,NA,NA,71.9,33.9,2017,NA,"Catch"
"148","Plaice",NA,NA,NA,9.3,NA,NA,NA,36.6,18,2017,NA,"Catch"
"149","Witch Flounder",591.2,494.7,486.5,8.2,NA,NA,NA,49.7,46.8,2017,NA,"Catch"
"150","GB Winter Flounder",390.9,377.6,377.6,NA,NA,NA,NA,NA,13.3,2017,NA,"Catch"
"151","GOM Winter Flounder",308.1,113.8,111,2.8,NA,NA,NA,185.3,9,2017,NA,"Catch"
"152","SNE/MA Winter Flounder",550.5,409.3,372,37.2,NA,NA,NA,23.2,118,2017,NA,"Catch"
"153","Redfish",NA,NA,NA,1,NA,NA,NA,4.1,9.9,2017,NA,"Catch"
"154","White Hake",NA,NA,NA,0.5,NA,NA,NA,1.2,11,2017,NA,"Catch"
"155","Pollock",NA,NA,NA,18.4,NA,NA,NA,635.5,777.4,2017,NA,"Catch"
"156","Northern Windowpane",87.4,35.1,33.9,1.2,NA,NA,44.1,0.5,7.7,2017,NA,"Catch"
"157","Southern Windowpane",440.9,71.5,66.3,5.2,NA,NA,143.9,24.5,201,2017,NA,"Catch"
"158","Ocean Pout",28.2,11.1,10.7,0.4,NA,NA,NA,0.3,16.8,2017,NA,"Catch"
"159","Halibut",107.4,68.3,68.2,0.1,NA,NA,NA,31.7,7.5,2017,NA,"Catch"
"160","Wolffish",1.7,1.6,1.6,0,NA,NA,NA,0.1,0,2017,NA,"Catch"
"161","GB cod",NA,NA,NA,128,NA,NA,NA,38,152,2010,NA,"ACL"
"162","GOM cod",NA,NA,NA,240,NA,NA,NA,566,283,2010,NA,"ACL"
"163","GB Haddock",NA,NA,NA,254,NA,84,NA,449,NA,2010,NA,"ACL"
"164","GOM Haddock",NA,NA,799,26,324,2,NA,9,37,2010,NA,"ACL"
"165","GB Yellowtail Flounder",NA,823,803,20,NA,NA,146,0,52,2010,NA,"ACL"
"166","SNE Yellowtail Flounder",470,310,235,75,NA,NA,135,5,20,2010,NA,"ACL"
"167","CC/GOM Yellowtail Flounder",822,779,729,50,NA,NA,NA,9,35,2010,NA,"ACL"
"168","Plaice",NA,NA,NA,100,NA,NA,NA,32,126,2010,NA,"ACL"
"169","Witch Flounder",899,852,827,25,NA,NA,NA,9,38,2010,NA,"ACL"
"170","GB Winter Flounder",NA,NA,NA,29,NA,NA,NA,0,103,2010,NA,"ACL"
"171","GOM Winter Flounder",231,158,133,25,NA,NA,NA,60,12,2010,NA,"ACL"
"172","SNE Winter Flounder",605,520,NA,NA,NA,NA,NA,53,32,2010,NA,"ACL"
"173","Redfish",NA,NA,NA,90,NA,NA,NA,76,303,2010,NA,"ACL"
"174","White Hake",NA,NA,NA,51,NA,NA,NA,28,113,2010,NA,"ACL"
"175","Pollock",NA,NA,NA,375,NA,NA,NA,NA,NA,2010,NA,"ACL"
"176","Northern Windowpane",161,110,NA,NA,NA,NA,NA,2,49,2010,NA,"ACL"
"177","Southern Windowpane",225,154,NA,NA,NA,NA,NA,2,69,2010,NA,"ACL"
"178","Ocean Pout",253,239,NA,NA,NA,NA,NA,3,11,2010,NA,"ACL"
"179","Halibut",69,30,NA,NA,NA,NA,NA,36,4,2010,NA,"ACL"
"180","Wolffish",77,73,NA,NA,NA,NA,NA,1,3,2010,NA,"ACL"
"181","GB cod",NA,NA,NA,93,NA,NA,NA,48,191,2011,NA,"ACL"
"182","GOM cod",NA,NA,NA,104,NA,NA,NA,597,299,2011,NA,"ACL"
"183","GB Haddock",NA,NA,NA,187,NA,318,NA,342,NA,2011,NA,"ACL"
"184","GOM Haddock",NA,NA,770,8,308,11,NA,9,35,2011,NA,"ACL"
"185","GB Yellowtail Flounder",NA,NA,NA,20,NA,NA,200.8,0,73,2011,NA,"ACL"
"186","SNE Yellowtail Flounder",641,524,404,120,NA,NA,82,7,27,2011,NA,"ACL"
"187","CC/GOM Yellowtail Flounder",992,940,913,27,NA,NA,NA,10,42,2011,NA,"ACL"
"188","Plaice",NA,NA,NA,70,NA,NA,NA,34,138,2011,NA,"ACL"
"189","Witch Flounder",NA,NA,NA,25,NA,NA,NA,14,55,2011,NA,"ACL"
"190","GB Winter Flounder",NA,NA,NA,14,NA,NA,NA,0,111,2011,NA,"ACL"
"191","GOM Winter Flounder",524,329,313,16,NA,NA,NA,163,32,2011,NA,"ACL"
"192","SNE/MA Winter Flounder",842,726,NA,726,NA,NA,NA,72,45,2011,NA,"ACL"
"193","Redfish",NA,NA,NA,36,NA,NA,NA,84,334,2011,NA,"ACL"
"194","White Hake",NA,NA,NA,28,NA,NA,NA,33,132,2011,NA,"ACL"
"195","Pollock",NA,NA,NA,104,NA,NA,NA,769,NA,2011,NA,"ACL"
"196","Northern Windowpane",161,110,NA,110,NA,NA,NA,2,49,2011,NA,"ACL"
"197","Southern Windowpane",225,154,NA,154,NA,NA,NA,2,69,2011,NA,"ACL"
"198","Ocean Pout",253,239,NA,239,NA,NA,NA,3,11,2011,NA,"ACL"
"199","Halibut",76,33,NA,33,NA,NA,NA,39,4,2011,NA,"ACL"
"200","Wolffish",77,73,NA,73,NA,NA,NA,1,3,2011,NA,"ACL"
"201","GB cod",NA,NA,NA,81,NA,NA,NA,51,204,2012,NA,"ACL"
"202","GOM cod",NA,NA,NA,80,NA,NA,NA,253,62,2012,NA,"ACL"
"203","GB Haddock",NA,NA,NA,75,NA,286,NA,307,NA,2012,NA,"ACL"
"204","GOM Haddock",958,912,648,5,259,9,NA,15,22,2012,NA,"ACL"
"205","GB Yellowtail Flounder",547.8,368.3,364.1,4.2,NA,NA,156.9,0,22.6,2012,NA,"ACL"
"206","SNE Yellowtail Flounder",936,760,607,153,NA,NA,127,10,40,2012,NA,"ACL"
"207","CC/GOM Yellowtail Flounder",NA,NA,NA,25,NA,NA,NA,35,23,2012,NA,"ACL"
"208","Plaice",NA,NA,NA,55,NA,NA,NA,36,145,2012,NA,"ACL"
"209","Witch Flounder",NA,NA,NA,22,NA,NA,NA,49,66,2012,NA,"ACL"
"210","GB Winter Flounder",NA,NA,NA,20,NA,NA,NA,0,188,2012,NA,"ACL"
"211","GOM Winter Flounder",NA,715,690,25,NA,NA,NA,272,54,2012,NA,"ACL"
"212","SNE/MA Winter Flounder",603,303,NA,303,NA,NA,NA,175,125,2012,NA,"ACL"
"213","Redfish",NA,NA,NA,34,NA,NA,NA,92,369,2012,NA,"ACL"
"214","White Hake",NA,NA,NA,26,NA,NA,NA,73,109,2012,NA,"ACL"
"215","Pollock",NA,NA,NA,82,NA,NA,NA,754,NA,2012,NA,"ACL"
"216","Northern Windowpane",163,129,NA,129,NA,NA,NA,2,33,2012,NA,"ACL"
"217","Southern Windowpane",381,72,NA,72,NA,NA,NA,39,270,2012,NA,"ACL"
"218","Ocean Pout",240,214,NA,214,NA,NA,NA,3,23,2012,NA,"ACL"
"219","Halibut",83,36,NA,36,NA,NA,NA,43,4,2012,NA,"ACL"
"220","Wolffish",77,73,NA,73,NA,NA,NA,1,3,2012,NA,"ACL"
"221","GB cod",NA,NA,NA,32,NA,NA,NA,20,80,2013,NA,"ACL"
"222","GOM cod",NA,NA,812,18,486,NA,NA,103,51,2013,NA,"ACL"
"223","GB Haddock",NA,NA,NA,85,NA,273,NA,293,NA,2013,NA,"ACL"
"224","GOM Haddock",274,261,185,2,74,3,NA,4,6,2013,NA,"ACL"
"225","GB Yellowtail Flounder",208.5,154.5,152.6,1.9,NA,NA,41.5,NA,4.3,2013,4,"ACL"
"226","SNE Yellowtail Flounder",665,585.7,487.5,98.2,NA,NA,43.6,7,28,2013,NA,"ACL"
"227","CC/GOM Yellowtail Flounder",523,479,466,13,NA,NA,NA,33,11,2013,NA,"ACL"
"228","Plaice",NA,NA,NA,25,NA,NA,NA,31,31,2013,NA,"ACL"
"229","Witch Flounder",751,610,599,11,NA,NA,NA,23,117,2013,NA,"ACL"
"230","GB Winter Flounder",NA,NA,NA,22,NA,NA,NA,NA,113,2013,NA,"ACL"
"231","GOM Winter Flounder",NA,715,688,26,NA,NA,NA,272,54,2013,NA,"ACL"
"232","SNE/MA Winter Flounder",NA,NA,NA,136,NA,NA,NA,235,168,2013,NA,"ACL"
"233","Redfish",NA,NA,NA,40,NA,NA,NA,110,220,2013,NA,"ACL"
"234","White Hake",NA,NA,NA,27,NA,NA,NA,42,84,2013,NA,"ACL"
"235","Pollock",NA,NA,NA,91,NA,NA,NA,936,NA,2013,NA,"ACL"
"236","Northern Windowpane",144,98,NA,98,NA,NA,NA,2,44,2013,NA,"ACL"
"237","Southern Windowpane",527,102,NA,102,NA,NA,183,55,186,2013,NA,"ACL"
"238","Ocean Pout",220,197,NA,197,NA,NA,NA,2,21,2013,NA,"ACL"
"239","Halibut",96,52,NA,52,NA,NA,NA,40,5,2013,NA,"ACL"
"240","Wolffish",65,62,NA,62,NA,NA,NA,1,3,2013,NA,"ACL"
"241","GB cod",NA,NA,NA,33,NA,NA,NA,20,78,2014,NA,"ACL"
"242","GOM cod",NA,NA,811,19,486,NA,NA,103,51,2014,NA,"ACL"
"243","GB Haddock",NA,NA,NA,119,NA,162,NA,192,769,2014,NA,"ACL"
"244","GOM Haddock",641,609,432,4,173,6,NA,10,15,2014,NA,"ACL"
"245","GB Yellowtail Flounder",318.1,254.5,250.6,3.9,NA,NA,50.9,NA,6.6,2014,6.1,"ACL"
"246","SNE Yellowtail Flounder",665,564,462,102,NA,NA,66,7,28,2014,NA,"ACL"
"247","CC/GOM Yellowtail Flounder",523,479,463,16,NA,NA,NA,33,11,2014,NA,"ACL"
"248","Plaice",NA,NA,NA,26,NA,NA,NA,30,30,2014,NA,"ACL"
"249","Witch Flounder",751,610,598,12,NA,NA,NA,23,117,2014,NA,"ACL"
"250","GB Winter Flounder",NA,NA,NA,29,NA,NA,NA,NA,108,2014,NA,"ACL"
"251","GOM Winter Flounder",NA,715,683,32,NA,NA,NA,272,54,2014,NA,"ACL"
"252","SNE/MA Winter Flounder",NA,NA,NA,147,NA,NA,NA,235,168,2014,NA,"ACL"
"253","Redfish",NA,NA,NA,44,NA,NA,NA,115,229,2014,NA,"ACL"
"254","White Hake",NA,NA,NA,30,NA,NA,NA,46,93,2014,NA,"ACL"
"255","Pollock",NA,NA,NA,85,NA,NA,NA,960,NA,2014,NA,"ACL"
"256","Northern Windowpane",144,98,NA,98,NA,NA,NA,2,44,2014,NA,"ACL"
"257","Southern Windowpane",527,102,NA,102,NA,NA,183,55,186,2014,NA,"ACL"
"258","Ocean Pout",220,197,NA,197,NA,NA,NA,2,21,2014,NA,"ACL"
"259","Halibut",106,57,NA,57,NA,NA,NA,44,5,2014,NA,"ACL"
"260","Wolffish",65,62,NA,62,NA,NA,NA,1,3,2014,NA,"ACL"
"261","GB Cod",NA,NA,NA,37,NA,NA,NA,20,79,2015,NA,"ACL"
"262","GOM Cod",366,328,201,6,121,NA,NA,26,13,2015,NA,"ACL"
"263","GB Haddock",NA,NA,NA,193,NA,227,NA,244,975,2015,NA,"ACL"
"264","GOM Haddock",NA,NA,946,12,372,14,NA,11,21,2015,NA,"ACL"
"265","GB Yellowtail Flounder",240,202.9,199,3.9,NA,NA,30.1,NA,2,2015,5,"ACL"
"266","SNE Yellowtail Flounder",666,579,460,119,NA,NA,44,14,28,2015,NA,"ACL"
"267","CC/GOM Yellowtail Flounder",524,458,437,21,NA,NA,NA,38,27,2015,NA,"ACL"
"268","Plaice",NA,NA,NA,27,NA,NA,NA,31,31,2015,NA,"ACL"
"269","Witch Flounder",751,610,596,14,NA,NA,NA,23,117,2015,NA,"ACL"
"270","GB Winter Flounder",NA,NA,NA,18,NA,NA,NA,NA,60,2015,NA,"ACL"
"271","GOM Winter Flounder",489,392,371,21,NA,NA,NA,87,10,2015,NA,"ACL"
"272","SNE/MA Winter Flounder",NA,NA,NA,159,NA,NA,NA,117,184,2015,NA,"ACL"
"273","Redfish",NA,NA,NA,64,NA,NA,NA,120,239,2015,NA,"ACL"
"274","White Hake",NA,NA,NA,32,NA,NA,NA,47,94,2015,NA,"ACL"
"275","Pollock",NA,NA,NA,86,NA,NA,NA,996,NA,2015,NA,"ACL"
"276","Northern Windowpane",144,98,NA,98,NA,NA,NA,2,44,2015,NA,"ACL"
"277","Southern Windowpane",527,102,NA,102,NA,NA,183,55,186,2015,NA,"ACL"
"278","Ocean Pout",220,195,NA,195,NA,NA,NA,2,24,2015,NA,"ACL"
"279","Halibut",97,64,NA,64,NA,NA,NA,30,3,2015,NA,"ACL"
"280","Wolffish",65,62,NA,62,NA,NA,NA,1,3,2015,NA,"ACL"
"281","GB Cod",730,608,597,11,NA,NA,NA,23,99,2016,NA,"ACL"
"282","GOM Cod",473,437,271,9,157,NA,NA,27,10,2016,NA,"ACL"
"283","GB Haddock",NA,NA,NA,339,NA,512,NA,561,561,2016,NA,"ACL"
"284","GOM Haddock",NA,NA,NA,26,928,34,NA,26,26,2016,NA,"ACL"
"285","GB Yellowtail Flounder",261,250.8,247.1,3.7,NA,NA,2.2,NA,3,2016,5,"ACL"
"286","SNE Yellowtail Flounder",256,204,169,35,NA,NA,17,5,29,2016,NA,"ACL"
"287","CC/GOM Yellowtail Flounder",409,341,327,14,NA,NA,NA,43,26,2016,NA,"ACL"
"288","Plaice",NA,NA,NA,20,NA,NA,NA,26,26,2016,NA,"ACL"
"289","Witch Flounder",441,370,362,8,NA,NA,NA,12,59,2016,NA,"ACL"
"290","GB Winter Flounder",650,590,585,5,NA,NA,NA,NA,60,2016,NA,"ACL"
"291","GOM Winter Flounder",776,639,607,32,NA,NA,NA,122,16,2016,NA,"ACL"
"292","SNE/MA Winter Flounder",749,585,523,62,NA,NA,NA,70,94,2016,NA,"ACL"
"293","Redfish",NA,NA,NA,52,NA,NA,NA,103,207,2016,NA,"ACL"
"294","White Hake",NA,NA,NA,26,NA,NA,NA,38,75,2016,NA,"ACL"
"295","Pollock",NA,NA,NA,113,NA,NA,NA,NA,NA,2016,NA,"ACL"
"296","Northern Windowpane",177,66,NA,66,NA,NA,NA,2,109,2016,NA,"ACL"
"297","Southern Windowpane",599,104,NA,104,NA,NA,209,37,249,2016,NA,"ACL"
"298","Ocean Pout",155,137,NA,137,NA,NA,NA,2,17,2016,NA,"ACL"
"299","Halibut",119,91,NA,91,NA,NA,NA,25,4,2016,NA,"ACL"
"300","Wolffish",77,72,NA,72,NA,NA,NA,1,3,2016,NA,"ACL"
"301","GB Cod",637,531,521,7,NA,NA,NA,20,86,2017,NA,"ACL"
"302","GOM Cod",473,437,271,9,157,NA,NA,27,10,2017,NA,"ACL"
"303","GB Haddock",NA,NA,NA,367,NA,801,NA,574,574,2017,NA,"ACL"
"304","GOM Haddock",NA,NA,NA,33,NA,42,NA,33,33,2017,NA,"ACL"
"305","GB Yellowtail Flounder",201,163,160,2,NA,NA,32,NA,2.1,2017,4,"ACL"
"306","SNE Yellowtail Flounder",256,217,176,42,NA,NA,4,5,29,2017,NA,"ACL"
"307","CC/GOM Yellowtail Flounder",409,341,326,15,NA,NA,NA,43,26,2017,NA,"ACL"
"308","Plaice",NA,NA,NA,23,NA,NA,NA,27,27,2017,NA,"ACL"
"309","Witch Flounder",839,734,718,16,NA,NA,NA,35,70,2017,NA,"ACL"
"310","GB Winter Flounder",683,620,615,5,NA,NA,NA,NA,63,2017,NA,"ACL"
"311","GOM Winter Flounder",776,639,607,32,NA,NA,NA,122,16,2017,NA,"ACL"
"312","SNE/MA Winter Flounder",749,585,515,70,NA,NA,NA,70,94,2017,NA,"ACL"
"313","Redfish",NA,NA,NA,56,NA,NA,NA,111,221,2017,NA,"ACL"
"314","White Hake",NA,NA,NA,27,NA,NA,NA,36,73,2017,NA,"ACL"
"315","Pollock",NA,NA,NA,113,NA,NA,NA,NA,NA,2017,NA,"ACL"
"316","Northern Windowpane",170,129,NA,129,NA,NA,36,2,4,2017,NA,"ACL"
"317","Southern Windowpane",599,104,NA,104,NA,NA,209,37,249,2017,NA,"ACL"
"318","Ocean Pout",155,130,NA,130,NA,NA,NA,2,23,2017,NA,"ACL"
"319","Halibut",119,91,NA,91,NA,NA,NA,25,4,2017,NA,"ACL"
"320","Wolffish",77,72,NA,72,NA,NA,NA,1,3,2017,NA,"ACL"
"321","GB cod",83.7,82.5,83.2,65.6,NA,NA,NA,73,112.8,2010,NA,"CtoACL"
"322","GOM cod",71,75.9,83.6,94.2,61.9,NA,NA,33.6,20.4,2010,NA,"CtoACL"
"323","GB Haddock",20,20.6,20.5,36.3,NA,82.3,NA,0.3,7.3,2010,NA,"CtoACL"
"324","GOM Haddock",65.5,67.4,46.4,27.4,122.3,25.5,NA,94.6,4.4,2010,NA,"CtoACL"
"325","GB Yellowtail Flounder",79.3,92.1,92,93.1,NA,NA,12.1,NA,66.2,2010,NA,"CtoACL"
"326","SNE Yellowtail Flounder",67,55.4,64.9,25.9,NA,NA,83.7,134.4,115.5,2010,NA,"CtoACL"
"327","CC/GOM Yellowtail Flounder",81.7,76.6,76.8,73.8,NA,NA,NA,368.6,118.7,2010,NA,"CtoACL"
"328","Plaice",53.5,53.9,54.7,32.8,NA,NA,NA,78.3,36.7,2010,NA,"CtoACL"
"329","Witch Flounder",92.6,85.1,84.1,119.9,NA,NA,NA,261.2,220.2,2010,NA,"CtoACL"
"330","GB Winter Flounder",78.3,75.1,75.8,30.3,NA,NA,NA,NA,136,2010,NA,"CtoACL"
"331","GOM Winter Flounder",83.8,67.2,60.7,101.6,NA,NA,NA,107.1,192.9,2010,NA,"CtoACL"
"332","SNE Winter Flounder",61.2,9.1,NA,NA,NA,NA,NA,341.4,443.1,2010,NA,"CtoACL"
"333","Redfish",30,31.4,31.7,8.8,NA,NA,NA,13.9,1.7,2010,NA,"CtoACL"
"334","White Hake",86.9,88.4,88.4,86.6,NA,NA,NA,90.2,52.8,2010,NA,"CtoACL"
"335","Pollock",39.8,33.8,33.7,40.3,NA,NA,NA,89.2,73.3,2010,NA,"CtoACL"
"336","Northern Windowpane",101,139.5,NA,NA,NA,NA,NA,0.4,18.6,2010,NA,"CtoACL"
"337","Southern Windowpane",237.7,47.8,NA,NA,NA,NA,NA,NA,623.6,2010,NA,"CtoACL"
"338","Ocean Pout",40.5,27.3,NA,NA,NA,NA,NA,1.1,337.4,2010,NA,"CtoACL"
"339","Halibut",52.5,92.8,NA,NA,NA,NA,NA,18.2,45.9,2010,NA,"CtoACL"
"340","Wolffish",29.2,30.7,NA,NA,NA,NA,NA,2.7,2.7,2010,NA,"CtoACL"
"341","GB cod",68,68.8,68.9,66.1,NA,NA,NA,81.1,47.2,2011,NA,"CtoACL"
"342","GOM cod",69.2,74.1,83.4,89.9,58.1,NA,NA,36.3,9.6,2011,NA,"CtoACL"
"343","GB Haddock",1.3,NA,0,6.3,NA,32,NA,1.1,22.3,2011,NA,"CtoACL"
"344","GOM Haddock",57.7,59.4,52.6,24.3,77.4,1.7,NA,54.6,24.1,2011,NA,"CtoACL"
"345","GB Yellowtail Flounder",78.9,86.7,88.1,10.1,NA,NA,41.8,NA,59.1,2011,NA,"CtoACL"
"346","SNE Yellowtail Flounder",76.7,67.3,84.3,10.2,NA,NA,135.2,15.6,98.9,2011,NA,"CtoACL"
"347","CC/GOM Yellowtail Flounder",78.9,78.3,79.4,42.1,NA,NA,NA,384.8,19.3,2011,NA,"CtoACL"
"348","Plaice",42.3,43.8,44.7,6.4,NA,NA,NA,35.5,9.1,2011,NA,"CtoACL"
"349","Witch Flounder",84.8,74.1,75.3,16.8,NA,NA,NA,161,302.5,2011,NA,"CtoACL"
"350","GB Winter Flounder",85.1,86.9,87.4,8.2,NA,NA,NA,NA,53.5,2011,NA,"CtoACL"
"351","GOM Winter Flounder",52.4,45,46.5,16.5,NA,NA,NA,69.5,41.3,2011,NA,"CtoACL"
"352","SNE/MA Winter Flounder",35.5,12.9,NA,NA,NA,NA,NA,55.6,366.4,2011,NA,"CtoACL"
"353","Redfish",25.7,26.9,27,9.9,NA,NA,NA,4.3,3.1,2011,NA,"CtoACL"
"354","White Hake",88.9,93.5,93.9,50.4,NA,NA,NA,7.9,3.3,2011,NA,"CtoACL"
"355","Pollock",46.1,43,42.8,66.6,NA,NA,NA,90.3,52.4,2011,NA,"CtoACL"
"356","Northern Windowpane",118.8,142.2,NA,NA,NA,NA,NA,0.5,71,2011,NA,"CtoACL"
"357","Southern Windowpane",224,72.4,NA,NA,NA,NA,NA,829.1,544.9,2011,NA,"CtoACL"
"358","Ocean Pout",35.7,25.4,NA,NA,NA,NA,NA,0,268.5,2011,NA,"CtoACL"
"359","Halibut",68.6,129.1,NA,NA,NA,NA,NA,18.1,61.6,2011,NA,"CtoACL"
"360","Wolffish",42.8,45.1,NA,NA,NA,NA,NA,0,2.4,2011,NA,"CtoACL"
"361","GB cod",26.9,26.1,26,35.4,NA,NA,NA,42.2,39.7,2012,NA,"CtoACL"
"362","GOM cod",58.3,60.4,47.4,37.3,74.2,NA,NA,17.6,6.9,2012,NA,"CtoACL"
"363","GB Haddock",1.1,0,NA,0.6,NA,100.9,NA,4.6,2,2012,NA,"CtoACL"
"364","GOM Haddock",47.3,49.3,25.9,18.6,108.4,0.6,NA,11.1,7.1,2012,NA,"CtoACL"
"365","GB Yellowtail Flounder",70.3,58.5,59.1,6.1,NA,NA,104.5,NA,23.9,2012,NA,"CtoACL"
"366","SNE Yellowtail Flounder",59.3,55.8,63.7,24.4,NA,NA,42.5,120.2,161.5,2012,NA,"CtoACL"
"367","CC/GOM Yellowtail Flounder",83.5,82.9,84.7,13,NA,NA,NA,96.4,91,2012,NA,"CtoACL"
"368","Plaice",38.8,39.7,40.3,6.1,NA,NA,NA,42.5,15.7,2012,NA,"CtoACL"
"369","Witch Flounder",67.4,59.6,60.3,10.5,NA,NA,NA,57.5,246.2,2012,NA,"CtoACL"
"370","GB Winter Flounder",53.4,52.6,52.9,3.9,NA,NA,NA,NA,67,2012,NA,"CtoACL"
"371","GOM Winter Flounder",28.1,32,32.9,7.8,NA,NA,NA,22.1,4.9,2012,NA,"CtoACL"
"372","SNE/MA Winter Flounder",52.4,35,NA,NA,NA,NA,NA,33.7,120.8,2012,NA,"CtoACL"
"373","Redfish",42.1,44.2,44.3,16.6,NA,NA,NA,14.5,0.8,2012,NA,"CtoACL"
"374","White Hake",67.2,70.5,70.3,91.6,NA,NA,NA,3.8,11,2012,NA,"CtoACL"
"375","Pollock",45.5,40.3,40,82.7,NA,NA,NA,70.6,80.1,2012,NA,"CtoACL"
"376","Northern Windowpane",128.2,100.5,NA,NA,NA,NA,NA,115.9,233.2,2012,NA,"CtoACL"
"377","Southern Windowpane",136.7,147.9,NA,NA,NA,NA,NA,88.3,140.7,2012,NA,"CtoACL"
"378","Ocean Pout",22.2,18.3,NA,NA,NA,NA,NA,38.5,56.3,2012,NA,"CtoACL"
"379","Halibut",91.2,168.7,NA,NA,NA,NA,NA,30.8,42.2,2012,NA,"CtoACL"
"380","Wolffish",42,41.3,NA,NA,NA,NA,NA,99.2,40.6,2012,NA,"CtoACL"
"381","GB Cod",84.8,87,86.8,101,NA,NA,NA,46,42.8,2013,NA,"CtoACL"
"382","GOM cod",96.5,104.9,90.2,48.9,131.5,NA,NA,34.7,5.7,2013,NA,"CtoACL"
"383","GB Haddock",11.9,11.4,11.4,0.5,NA,106.2,NA,2.1,4.8,2013,NA,"CtoACL"
"384","GOM Haddock",147.9,154.4,91.2,108.9,312.2,NA,NA,30.4,25.3,2013,NA,"CtoACL"
"385","GB Yellowtail Flounder",44.7,36.1,36.5,0.4,NA,NA,90.3,NA,0.6,2013,63.7,"CtoACL"
"386","SNE Yellowtail Flounder",70.1,63.7,57.8,93.1,NA,NA,111.4,206.5,106.3,2013,NA,"CtoACL"
"387","CC/GOM Yellowtail Flounder",86.7,79.4,80.9,31.5,NA,NA,NA,130.2,271.3,2013,NA,"CtoACL"
"388","Plaice",97.5,98.3,99.8,14.3,NA,NA,NA,63,95.7,2013,NA,"CtoACL"
"389","Witch Flounder",99.2,105.3,106.6,30.6,NA,NA,NA,115.5,64.5,2013,NA,"CtoACL"
"390","GB Winter Flounder",48.4,48.8,49.1,0,NA,NA,NA,NA,36.5,2013,NA,"CtoACL"
"391","GOM Winter Flounder",23.6,23.7,24.4,6.6,NA,NA,NA,24.8,16.5,2013,NA,"CtoACL"
"392","SNE/MA Winter Flounder",63.6,65.2,62.4,87,NA,NA,NA,23.7,108.1,2013,NA,"CtoACL"
"393","Redfish",38.5,39.5,39.6,10.9,NA,NA,NA,17.3,1.8,2013,NA,"CtoACL"
"394","White Hake",51.7,53.1,53.4,21.6,NA,NA,NA,5.5,9.9,2013,NA,"CtoACL"
"395","Pollock",47.1,38.1,38.1,40.2,NA,NA,NA,104.9,103.7,2013,NA,"CtoACL"
"396","Northern Windowpane",195,242.4,NA,NA,NA,NA,NA,62.2,95,2013,NA,"CtoACL"
"397","Southern Windowpane",105.3,113.7,NA,NA,NA,NA,70.5,67.9,146.4,2013,NA,"CtoACL"
"398","Ocean Pout",26.9,16.9,NA,NA,NA,NA,NA,62.6,116.4,2013,NA,"CtoACL"
"399","Halibut",82.1,105.2,NA,NA,NA,NA,NA,57.5,31,2013,NA,"CtoACL"
"400","Wolffish",29.3,27.6,NA,NA,NA,NA,NA,185,26.3,2013,NA,"CtoACL"
"401","GB Cod",81.1,78.4,78.6,65.8,NA,NA,NA,99.5,138.5,2014,NA,"CtoACL"
"402","GOM cod",94.9,97.8,80.5,57.1,128.3,NA,NA,37.1,136.5,2014,NA,"CtoACL"
"403","GB Haddock",34.8,31.7,32,0.7,NA,70.1,NA,4.2,103.1,2014,NA,"CtoACL"
"404","GOM Haddock",159,161.5,75,21.6,380.7,NA,NA,47.9,207.7,2014,NA,"CtoACL"
"405","GB Yellowtail Flounder",38.6,24.5,24.9,1.4,NA,NA,116.4,NA,0.2,2014,18.1,"CtoACL"
"406","SNE Yellowtail Flounder",74.7,71,67.7,85.7,NA,NA,98.2,8.9,111.7,2014,NA,"CtoACL"
"407","CC/GOM Yellowtail Flounder",64.1,52.3,53.9,6.3,NA,NA,NA,139.2,354.6,2014,NA,"CtoACL"
"408","Plaice",93.1,94.1,95.3,31.3,NA,NA,NA,57.9,78.6,2014,NA,"CtoACL"
"409","Witch Flounder",83.1,84.5,86,9.6,NA,NA,NA,162.8,60,2014,NA,"CtoACL"
"410","GB Winter Flounder",34.2,34,34.2,0.1,NA,NA,NA,NA,40.6,2014,NA,"CtoACL"
"411","GOM Winter Flounder",23.1,17.4,18.1,1.9,NA,NA,NA,41.7,6,2014,NA,"CtoACL"
"412","SNE/MA Winter Flounder",43.6,45.1,46.1,37.9,NA,NA,NA,30.3,51.5,2014,NA,"CtoACL"
"413","Redfish",43.5,44.4,44.5,11.4,NA,NA,NA,15.8,19,2014,NA,"CtoACL"
"414","White Hake",46.6,40.9,41,28.6,NA,NA,NA,3.3,331.7,2014,NA,"CtoACL"
"415","Pollock",31.1,30.4,30.2,52.6,NA,NA,NA,56.6,17.4,2014,NA,"CtoACL"
"416","Northern Windowpane",187.5,160.9,NA,NA,NA,NA,NA,180.5,248.6,2014,NA,"CtoACL"
"417","Southern Windowpane",90.8,94.4,NA,NA,NA,NA,76.5,42.7,117.1,2014,NA,"CtoACL"
"418","Ocean Pout",54.6,16.8,NA,NA,NA,NA,NA,163.9,393.5,2014,NA,"CtoACL"
"419","Halibut",74.2,83.9,NA,NA,NA,NA,NA,65.9,38.8,2014,NA,"CtoACL"
"420","Wolffish",23.1,23,NA,NA,NA,NA,NA,97.9,5.9,2014,NA,"CtoACL"
"421","GB Cod",97.3,91.6,91.6,95.8,NA,NA,NA,230,193.2,2015,NA,"CtoACL"
"422","GOM Cod",88.8,82.6,90.2,86.3,69.8,NA,NA,181.2,58.8,2015,NA,"CtoACL"
"423","GB Haddock",25.9,23.3,23.5,0.1,NA,103.9,NA,10.3,68.6,2015,NA,"CtoACL"
"424","GOM Haddock",82.9,83.6,76.8,24.8,102.7,NA,NA,38.2,116.8,2015,NA,"CtoACL"
"425","GB Yellowtail Flounder",28.4,18.9,19.3,0.2,NA,NA,98.8,NA,0.1,2015,1,"CtoACL"
"426","SNE Yellowtail Flounder",49,48.9,37.9,91.7,NA,NA,79.1,15.4,22.5,2015,NA,"CtoACL"
"427","CC/GOM Yellowtail Flounder",88.9,84.1,85,64,NA,NA,NA,137.1,101.9,2015,NA,"CtoACL"
"428","Plaice",96.9,98,98.9,51.5,NA,NA,NA,75.5,70.6,2015,NA,"CtoACL"
"429","Witch Flounder",85.1,88,87.8,98.7,NA,NA,NA,171.2,53,2015,NA,"CtoACL"
"430","GB Winter Flounder",45.4,45.9,46.4,0,NA,NA,NA,NA,29.3,2015,NA,"CtoACL"
"431","GOM Winter Flounder",42.1,30.9,31.7,16.3,NA,NA,NA,92,49.1,2015,NA,"CtoACL"
"432","SNE/MA Winter Flounder",55.2,52.7,50.9,65.6,NA,NA,NA,72.6,61.6,2015,NA,"CtoACL"
"433","Redfish",46.4,47.9,48.2,0.5,NA,NA,NA,3.6,1.2,2015,NA,"CtoACL"
"434","White Hake",35.8,36.8,37.1,0.8,NA,NA,NA,1.5,7.2,2015,NA,"CtoACL"
"435","Pollock",25.2,21.3,21.1,54.4,NA,NA,NA,44.3,54.2,2015,NA,"CtoACL"
"436","Northern Windowpane",131.8,75.1,NA,NA,NA,NA,NA,84.1,262.3,2015,NA,"CtoACL"
"437","Southern Windowpane",122.1,134.9,NA,NA,NA,NA,115.1,71.3,137.5,2015,NA,"CtoACL"
"438","Ocean Pout",34.7,26.8,NA,NA,NA,NA,NA,74.3,94.7,2015,NA,"CtoACL"
"439","Halibut",105.2,92.2,NA,NA,NA,NA,NA,137.1,63.1,2015,NA,"CtoACL"
"440","Wolffish",30.4,30.1,NA,NA,NA,NA,NA,99.3,12.6,2015,NA,"CtoACL"
"441","GB Cod",155.1,98.1,97.6,124.8,NA,NA,NA,337.1,462.6,2016,NA,"CtoACL"
"442","GOM Cod",134,125.3,96,68.8,178.9,NA,NA,286.3,89.9,2016,NA,"CtoACL"
"443","GB Haddock",9,8.5,8.6,0.3,NA,23.2,NA,2.5,47.5,2016,NA,"CtoACL"
"444","GOM Haddock",75.3,74,65.9,40.4,95.6,5.7,NA,35.5,379,2016,NA,"CtoACL"
"445","GB Yellowtail Flounder",11.8,9.5,9.7,NA,NA,NA,93.8,NA,0,2016,95.2,"CtoACL"
"446","SNE Yellowtail Flounder",33.1,30.6,26.3,51.3,NA,NA,63.9,13.2,37.3,2016,NA,"CtoACL"
"447","CC/GOM Yellowtail Flounder",88.1,76.5,76.2,83.7,NA,NA,NA,118,187.3,2016,NA,"CtoACL"
"448","Plaice",97.9,96.3,96.5,86.6,NA,NA,NA,138.3,129.5,2016,NA,"CtoACL"
"449","Witch Flounder",104.4,97,97,94.2,NA,NA,NA,385.4,93.6,2016,NA,"CtoACL"
"450","GB Winter Flounder",65.7,71.6,72.2,NA,NA,NA,NA,NA,7.2,2016,NA,"CtoACL"
"451","GOM Winter Flounder",31.9,17.5,18,8.4,NA,NA,NA,107.1,32,2016,NA,"CtoACL"
"452","SNE/MA Winter Flounder",79.7,77.5,75.8,91.6,NA,NA,NA,37.4,125.3,2016,NA,"CtoACL"
"453","Redfish",41.6,42.8,43,0.9,NA,NA,NA,4.6,4.3,2016,NA,"CtoACL"
"454","White Hake",41.5,42.6,42.9,2.7,NA,NA,NA,3.2,13.4,2016,NA,"CtoACL"
"455","Pollock",19.6,16.8,16.7,20.9,NA,NA,NA,49.4,29.8,2016,NA,"CtoACL"
"456","Northern Windowpane",47.3,68.2,NA,NA,NA,NA,NA,37.3,34.8,2016,NA,"CtoACL"
"457","Southern Windowpane",69.7,121.9,NA,NA,NA,NA,40.4,75.7,71.5,2016,NA,"CtoACL"
"458","Ocean Pout",27.9,12.5,NA,NA,NA,NA,NA,21.4,151.7,2016,NA,"CtoACL"
"459","Halibut",90.8,62.5,NA,NA,NA,NA,NA,191.1,83.4,2016,NA,"CtoACL"
"460","Wolffish",1,0.8,NA,NA,NA,NA,NA,1.9,5.8,2016,NA,"CtoACL"
"461","GB Cod",82,84,84.4,92.5,NA,NA,NA,48.6,77.6,2017,NA,"CtoACL"
"462","GOM Cod",129.5,117.6,96.1,89.9,156.3,NA,NA,257.2,289.1,2017,NA,"CtoACL"
"463","GB Haddock",7.9,7.8,7.8,0.1,NA,6,NA,2.1,31.4,2017,NA,"CtoACL"
"464","GOM Haddock",73.4,73.3,75.4,43,68.5,NA,NA,89.1,170.3,2017,NA,"CtoACL"
"465","GB Yellowtail Flounder",41.8,19.1,19.4,NA,NA,NA,164.3,NA,0.1,2017,9.7,"CtoACL"
"466","SNE Yellowtail Flounder",9.6,6.7,6,9.5,NA,NA,104.1,22.3,15.9,2017,NA,"CtoACL"
"467","CC/GOM Yellowtail Flounder",76.2,60.4,60.3,62.6,NA,NA,NA,167.2,130.4,2017,NA,"CtoACL"
"468","Plaice",89.1,88.5,89.4,41.1,NA,NA,NA,135.5,66.5,2017,NA,"CtoACL"
"469","Witch Flounder",70.5,67.4,67.8,49.9,NA,NA,NA,142.1,66.8,2017,NA,"CtoACL"
"470","GB Winter Flounder",57.2,60.9,61.4,NA,NA,NA,NA,NA,21.1,2017,NA,"CtoACL"
"471","GOM Winter Flounder",39.7,17.8,18.3,8.9,NA,NA,NA,151.9,56.3,2017,NA,"CtoACL"
"472","SNE/MA Winter Flounder",73.5,69.9,72.2,53,NA,NA,NA,33.2,125.5,2017,NA,"CtoACL"
"473","Redfish",44.3,45.6,45.9,1.9,NA,NA,NA,3.7,4.5,2017,NA,"CtoACL"
"474","White Hake",58.7,60.3,60.7,2,NA,NA,NA,3.4,15.1,2017,NA,"CtoACL"
"475","Pollock",21.7,16.9,16.9,16.3,NA,NA,NA,49.7,60.8,2017,NA,"CtoACL"
"476","Northern Windowpane",51.4,27.2,NA,NA,NA,NA,122.4,27.4,192.9,2017,NA,"CtoACL"
"477","Southern Windowpane",73.6,68.7,NA,NA,NA,NA,68.8,66.3,80.7,2017,NA,"CtoACL"
"478","Ocean Pout",18.2,8.6,NA,NA,NA,NA,NA,16.3,72.8,2017,NA,"CtoACL"
"479","Halibut",90.3,75.1,NA,NA,NA,NA,NA,126.6,186.3,2017,NA,"CtoACL"
"480","Wolffish",2.2,2.2,NA,NA,NA,NA,NA,5.2,1,2017,NA,"CtoACL"
"481","GB cod",NA,NA,NA,65.5,NA,NA,NA,27.7,160.6,2010,NA,"Landing"
"482","GOM cod",NA,NA,NA,195.2,NA,NA,NA,190.3,49,2010,NA,"Landing"
"483","GB Haddock",NA,NA,NA,91.8,NA,69.2,NA,1.6,60.9,2010,NA,"Landing"
"484","GOM Haddock",781.2,771.1,367.8,6.9,396.3,0.5,NA,8.5,1.2,2010,NA,"Landing"
"485","GB Yellowtail Flounder",681.6,680.1,672.3,7.8,NA,NA,0.2,0,1.2,2010,NA,"Landing"
"486","SNE Yellowtail Flounder",174.8,162.5,147.8,14.7,NA,NA,2.7,6.7,2.8,2010,NA,"Landing"
"487","CC/GOM Yellowtail Flounder",552.9,518.3,500.1,18.2,NA,NA,NA,33.2,1.4,2010,NA,"Landing"
"488","Plaice",NA,NA,NA,22.3,NA,NA,NA,25.1,4.1,2010,NA,"Landing"
"489","Witch Flounder",689.3,664.1,638.2,26,NA,NA,NA,23.5,1.7,2010,NA,"Landing"
"490","GB Winter Flounder",NA,NA,NA,5.9,NA,NA,NA,0,0.7,2010,NA,"Landing"
"491","GOM Winter Flounder",163.6,101.3,79.1,22.2,NA,NA,NA,61.9,0.3,2010,NA,"Landing"
"492","SNE Winter Flounder",161.9,10.6,7.9,2.6,NA,NA,NA,144.2,7.2,2010,NA,"Landing"
"493","Redfish",NA,NA,NA,6.6,NA,NA,NA,10.5,0.6,2010,NA,"Landing"
"494","White Hake",NA,NA,NA,39.8,NA,NA,NA,25.3,47.2,2010,NA,"Landing"
"495","Pollock",NA,NA,NA,143.9,NA,NA,NA,NA,868.3,2010,NA,"Landing"
"496","Northern Windowpane",0.4,0.3,0.3,0,NA,NA,NA,0,0.1,2010,NA,"Landing"
"497","Southern Windowpane",46.6,7.6,0.1,7.5,NA,NA,NA,31,8,2010,NA,"Landing"
"498","Ocean Pout",1,0.5,0.1,0.5,NA,NA,NA,0,0.5,2010,NA,"Landing"
"499","Halibut",14.9,8,6.1,1.9,NA,NA,NA,6.6,0.4,2010,NA,"Landing"
"500","Wolffish",0.3,0.2,0.2,0,NA,NA,NA,0,0,2010,NA,"Landing"
"501","GB cod",NA,NA,NA,58.1,NA,NA,NA,38.9,82.5,2011,NA,"Landing"
"502","GOM cod",NA,NA,NA,69.8,NA,NA,NA,216.4,9.1,2011,NA,"Landing"
"503","GB Haddock",NA,NA,NA,11.7,NA,101.8,NA,3.9,19,2011,NA,"Landing"
"504","GOM Haddock",721.9,716.6,476.2,1.9,238.5,0.2,NA,4.9,0.3,2011,NA,"Landing"
"505","GB Yellowtail Flounder",951,940.9,939.1,1.8,NA,NA,10.2,0,0,2011,NA,"Landing"
"506","SNE/MA Yellowtail Flounder",365.6,356.7,345.3,11.5,NA,NA,1,1.1,6.8,2011,NA,"Landing"
"507","CC/GOM Yellowtail Flounder",761.3,720.1,711.5,8.6,NA,NA,NA,38.5,2.7,2011,NA,"Landing"
"508","Plaice",NA,NA,NA,3.9,NA,NA,NA,12.1,1.9,2011,NA,"Landing"
"509","Witch Flounder",958.9,934.8,930.9,3.9,NA,NA,NA,22.5,1.6,2011,NA,"Landing"
"510","GB Winter Flounder",NA,NA,NA,1.1,NA,NA,NA,0,1,2011,NA,"Landing"
"511","GOM Winter Flounder",241.4,155.7,153.1,2.6,NA,NA,NA,76.9,8.8,2011,NA,"Landing"
"512","SNE/MA Winter Flounder",61.3,3.6,3.3,0.3,NA,NA,NA,32.1,25.5,2011,NA,"Landing"
"513","Redfish",NA,NA,NA,3.4,NA,NA,NA,3.6,0.2,2011,NA,"Landing"
"514","White Hake",NA,NA,NA,13.1,NA,NA,NA,2.6,1.5,2011,NA,"Landing"
"515","Pollock",NA,NA,NA,65.5,NA,NA,NA,694,754.3,2011,NA,"Landing"
"516","Northern Windowpane",0.4,0,0,0,NA,NA,NA,0,0.4,2011,NA,"Landing"
"517","Southern Windowpane",41.8,2.3,0.2,2.2,NA,NA,NA,16.6,22.9,2011,NA,"Landing"
"518","Ocean Pout",0.1,0,0,0,NA,NA,NA,0,0.1,2011,NA,"Landing"
"519","Halibut",19,11.4,10.3,1,NA,NA,NA,7.1,0.6,2011,NA,"Landing"
"520","Wolffish",0.1,0,0,0,NA,NA,NA,0,0.1,2011,NA,"Landing"
"521","GB cod",NA,NA,NA,27.5,NA,NA,NA,18.1,72.2,2012,NA,"Landing"
"522","GOM cod",NA,NA,NA,24.9,634.6,NA,NA,42.7,0.8,2012,NA,"Landing"
"523","GB Haddock",NA,926.8,926.5,0.3,NA,271.9,NA,9.2,3.4,2012,NA,"Landing"
"524","GOM Haddock",494.6,493.3,211.7,0.9,280.7,0.1,NA,1.1,0,2012,NA,"Landing"
"525","GB Yellowtail Flounder",227.5,202.4,202.3,0.1,NA,NA,25.1,0,0,2012,NA,"Landing"
"526","SNE/MA Yellowtail Flounder",435.6,419,383.8,35.2,NA,NA,2.4,6.8,7.5,2012,NA,"Landing"
"527","CC/GOM Yellowtail Flounder",877.9,845,842.9,2,NA,NA,NA,31.9,1,2012,NA,"Landing"
"528","Plaice",NA,NA,NA,2.6,NA,NA,NA,8.2,0.9,2012,NA,"Landing"
"529","Witch Flounder",946.3,917.4,915.4,2,NA,NA,NA,26.3,2.5,2012,NA,"Landing"
"530","GB Winter Flounder",NA,NA,NA,0.7,NA,NA,NA,0,5.4,2012,NA,"Landing"
"531","GOM Winter Flounder",310.5,251.4,249.5,1.9,NA,NA,NA,58.7,0.4,2012,NA,"Landing"
"532","SNE/MA Winter Flounder*",69.1,0.7,0.6,0.1,NA,NA,NA,55,13.4,2012,NA,"Landing"
"533","Redfish",NA,NA,NA,5,NA,NA,NA,3.8,0.8,2012,NA,"Landing"
"534","White Hake",NA,NA,NA,18.5,NA,NA,NA,1.6,2.5,2012,NA,"Landing"
"535","Pollock",NA,NA,NA,63.5,NA,NA,NA,100.6,506.9,2012,NA,"Landing"
"536","Northern Windowpane",1.5,0,0,0,NA,NA,NA,1.5,0,2012,NA,"Landing"
"537","Southern Windowpane",31,0.4,0,0.3,NA,NA,NA,21.7,8.9,2012,NA,"Landing"
"538","Ocean Pout",0.1,0,0,0,NA,NA,NA,0,0.1,2012,NA,"Landing"
"539","Halibut",28.8,15.5,12.2,3.3,NA,NA,NA,11.9,1.4,2012,NA,"Landing"
"540","Wolffish",0,0,0,0,NA,NA,NA,0,0,2012,NA,"Landing"
"541","GB Cod",NA,NA,NA,31.3,NA,NA,NA,6,22.7,2013,NA,"Landing"
"542","GOM cod",NA,NA,712.3,8.5,540.6,NA,NA,33.2,0.2,2013,NA,"Landing"
"543","GB Haddock",NA,NA,NA,0.4,NA,272.7,NA,0.2,0.5,2013,NA,"Landing"
"544","GOM Haddock",382.6,382,148.3,2.2,231.5,0,NA,0.6,0,2013,NA,"Landing"
"545","GB Yellowtail Flounder",49.7,46.2,46.2,0,NA,NA,3.6,0,0,2013,0,"Landing"
"546","SNE/MA Yellowtail Flounder",376.5,361.5,271,90.5,NA,NA,1.5,8.3,5.3,2013,NA,"Landing"
"547","CC/GOM Yellowtail Flounder",406,362.8,359.7,3.1,NA,NA,NA,40.8,2.4,2013,NA,"Landing"
"548","Plaice",NA,NA,NA,3.1,NA,NA,NA,10.4,0.8,2013,NA,"Landing"
"549","Witch Flounder",629.4,602.5,599.6,2.9,NA,NA,NA,24.7,2.2,2013,NA,"Landing"
"550","GB Winter Flounder",NA,NA,NA,0,NA,NA,NA,0,0.7,2013,NA,"Landing"
"551","GOM Winter Flounder",232.3,164.8,163.1,1.7,NA,NA,NA,65.3,2.2,2013,NA,"Landing"
"552","SNE/MA Winter Flounder",853.8,776.9,663.5,113.4,NA,NA,NA,47.7,29.2,2013,NA,"Landing"
"553","Redfish",NA,NA,NA,3.4,NA,NA,NA,6.5,0.6,2013,NA,"Landing"
"554","White Hake",NA,NA,NA,5.2,NA,NA,NA,0.8,1.3,2013,NA,"Landing"
"555","Pollock",NA,NA,NA,35.8,NA,NA,NA,258.2,450.2,2013,NA,"Landing"
"556","Northern Windowpane",0,0,0,0,NA,NA,NA,0,0,2013,NA,"Landing"
"557","Southern Windowpane",22.9,0.1,0,0.1,NA,NA,0,20.8,2,2013,NA,"Landing"
"558","Ocean Pout",0,0,0,0,NA,NA,NA,0,0,2013,NA,"Landing"
"559","Halibut",36.1,14.3,13.4,0.8,NA,NA,NA,21.1,0.8,2013,NA,"Landing"
"560","Wolffish",0,0,0,0,NA,NA,NA,0,0,2013,NA,"Landing"
"561","GB Cod",NA,NA,NA,21.8,NA,NA,NA,19.1,82.1,2014,NA,"Landing"
"562","GOM cod",NA,NA,628.2,10.8,468.2,NA,NA,36.4,0.6,2014,NA,"Landing"
"563","GB Haddock",NA,NA,NA,0.7,NA,113.5,NA,0,19.3,2014,NA,"Landing"
"564","GOM Haddock",592.2,587.8,293.9,0.8,293.1,NA,NA,2.6,1.9,2014,NA,"Landing"
"565","GB Yellowtail Flounder",53.7,53.7,53.7,NA,NA,NA,NA,NA,0,2014,NA,"Landing"
"566","SNE/MA Yellowtail Flounder",405.7,396.4,309.9,86.6,NA,NA,0.7,0.2,8.3,2014,NA,"Landing"
"567","CC/GOM Yellowtail Flounder",280.8,234.6,233.7,0.9,NA,NA,NA,45,1.3,2014,NA,"Landing"
"568","Plaice",NA,NA,NA,7.7,NA,NA,NA,14,2,2014,NA,"Landing"
"569","Witch Flounder",510.6,473.8,472.7,1.1,NA,NA,NA,36.4,0.3,2014,NA,"Landing"
"570","GB Winter Flounder",NA,NA,NA,NA,NA,NA,NA,NA,0.3,2014,NA,"Landing"
"571","GOM Winter Flounder",231.9,119.4,118.8,0.6,NA,NA,NA,111.1,1.4,2014,NA,"Landing"
"572","SNE/MA Winter Flounder",631.5,541.6,486.8,54.8,NA,NA,NA,70.4,19.5,2014,NA,"Landing"
"573","Redfish",NA,NA,NA,3.1,NA,NA,NA,1.1,32.4,2014,NA,"Landing"
"574","White Hake",NA,NA,NA,7.3,NA,NA,NA,0.3,4.4,2014,NA,"Landing"
"575","Pollock",NA,NA,NA,43.3,NA,NA,NA,535.3,193.4,2014,NA,"Landing"
"576","Northern Windowpane",0.1,0,0,NA,NA,NA,NA,0,0,2014,NA,"Landing"
"577","Southern Windowpane",13.7,NA,NA,NA,NA,NA,NA,13.2,0.5,2014,NA,"Landing"
"578","Ocean Pout",2.3,0,NA,0,NA,NA,NA,2.3,0,2014,NA,"Landing"
"579","Halibut",50,21.2,19.3,1.9,NA,NA,NA,27.4,1.5,2014,NA,"Landing"
"580","Wolffish",0,0,0,NA,NA,NA,NA,NA,0,2014,NA,"Landing"
"581","GB Cod",NA,NA,NA,35,NA,NA,NA,44.9,136.8,2015,NA,"Landing"
"582","GOM Cod",229.3,176.9,168.1,4.3,4.5,NA,NA,45.9,6.5,2015,NA,"Landing"
"583","GB Haddock",NA,NA,NA,0.2,NA,235,NA,6.6,1.8,2015,NA,"Landing"
"584","GOM Haddock",924.8,921.4,680.1,3,238.3,NA,NA,2.5,0.9,2015,NA,"Landing"
"585","GB Yellowtail Flounder",36.5,36.5,36.5,NA,NA,NA,NA,NA,NA,2015,NA,"Landing"
"586","SNE/MA Yellowtail Flounder",274.7,272.7,172.4,100.2,NA,NA,NA,1.2,0.9,2015,NA,"Landing"
"587","CC/GOM Yellowtail Flounder",420.6,366.3,353.4,12.9,NA,NA,NA,52.1,2.2,2015,NA,"Landing"
"588","Plaice",NA,NA,NA,11.2,NA,NA,NA,20.4,2,2015,NA,"Landing"
"589","Witch Flounder",527.3,488.2,481.1,7.1,NA,NA,NA,38.6,0.6,2015,NA,"Landing"
"590","GB Winter Flounder",865.4,864.7,864.7,NA,NA,NA,NA,NA,0.6,2015,NA,"Landing"
"591","GOM Winter Flounder",197.7,119,115.6,3.4,NA,NA,NA,78.2,0.5,2015,NA,"Landing"
"592","SNE/MA Winter Flounder",762.3,679.4,579.1,100.4,NA,NA,NA,77.4,5.5,2015,NA,"Landing"
"593","Redfish",NA,NA,NA,0.3,NA,NA,NA,0.5,0.8,2015,NA,"Landing"
"594","White Hake",NA,NA,NA,0.3,NA,NA,NA,0.2,1.3,2015,NA,"Landing"
"595","Pollock",NA,NA,NA,47,NA,NA,NA,146,213.7,2015,NA,"Landing"
"596","Northern Windowpane",0.3,NA,NA,NA,NA,NA,NA,0.3,NA,2015,NA,"Landing"
"597","Southern Windowpane",22.7,0.2,NA,0.2,NA,NA,NA,22.1,0.5,2015,NA,"Landing"
"598","Ocean Pout",0.1,0,NA,0,NA,NA,NA,NA,0.1,2015,NA,"Landing"
"599","Halibut",62.2,22,21.6,0.4,NA,NA,NA,39.5,0.7,2015,NA,"Landing"
"600","Wolffish",0.1,NA,NA,NA,NA,NA,NA,NA,0.1,2015,NA,"Landing"
"601","GB Cod",NA,571.9,557.7,14.2,NA,NA,NA,68.1,425.2,2016,NA,"Landing"
"602","GOM Cod",433.4,350.8,250.5,5.9,94.5,NA,NA,76.9,5.7,2016,NA,"Landing"
"603","GB Haddock",NA,NA,NA,1,NA,115.3,NA,0.1,19.2,2016,NA,"Landing"
"604","GOM Haddock",NA,NA,NA,9.7,560.2,1.9,NA,5.6,2.7,2016,NA,"Landing"
"605","GB Yellowtail Flounder",23.4,23.4,23.4,NA,NA,NA,NA,NA,NA,2016,NA,"Landing"
"606","SNE/MA Yellowtail Flounder",62.7,59.5,43.1,16.5,NA,NA,NA,0.3,2.8,2016,NA,"Landing"
"607","CC/GOM Yellowtail Flounder",298.2,245.3,234.5,10.8,NA,NA,NA,50.3,2.6,2016,NA,"Landing"
"608","Plaice",NA,NA,NA,15.9,NA,NA,NA,32.9,8.8,2016,NA,"Landing"
"609","Witch Flounder",342.8,294.4,287.5,6.9,NA,NA,NA,44.3,4.1,2016,NA,"Landing"
"610","GB Winter Flounder",421.8,421.3,421.3,NA,NA,NA,NA,NA,0.5,2016,NA,"Landing"
"611","GOM Winter Flounder",230.4,106.9,104.2,2.7,NA,NA,NA,123.4,0.1,2016,NA,"Landing"
"612","SNE/MA Winter Flounder",485.7,443.8,388.9,54.9,NA,NA,NA,24.4,17.5,2016,NA,"Landing"
"613","Redfish",NA,NA,NA,0.4,NA,NA,NA,3.1,6.2,2016,NA,"Landing"
"614","White Hake",NA,NA,NA,0.7,NA,NA,NA,0.4,2.7,2016,NA,"Landing"
"615","Pollock",NA,NA,NA,23.6,NA,NA,NA,284.5,110.6,2016,NA,"Landing"
"616","Northern Windowpane",0,0,0,NA,NA,NA,NA,0,NA,2016,NA,"Landing"
"617","Southern Windowpane",13.2,NA,NA,NA,NA,NA,NA,13.2,0,2016,NA,"Landing"
"618","Ocean Pout",0,NA,NA,NA,NA,NA,NA,0,0,2016,NA,"Landing"
"619","Halibut",69,20.3,20.1,0.2,NA,NA,NA,46.5,2.3,2016,NA,"Landing"
"620","Wolffish",0,NA,NA,NA,NA,NA,NA,NA,0,2016,NA,"Landing"
"621","GB Cod",499.6,432.8,426.7,6.1,NA,NA,NA,9.2,57.6,2017,NA,"Landing"
"622","GOM Cod",368.3,276.8,246.5,3.8,26.6,NA,NA,68.7,22.7,2017,NA,"Landing"
"623","GB Haddock",NA,NA,NA,0.3,NA,47.9,NA,0.3,6.4,2017,NA,"Landing"
"624","GOM Haddock",NA,NA,NA,13.6,533.7,NA,NA,25.6,14.2,2017,NA,"Landing"
"625","GB Yellowtail Flounder",30.9,30.9,30.9,NA,NA,NA,NA,NA,NA,2017,NA,"Landing"
"626","SNE/MA Yellowtail Flounder",14.3,13.3,9.4,3.9,NA,NA,NA,1,0,2017,NA,"Landing"
"627","CC/GOM Yellowtail Flounder",261.7,187.4,179.9,7.5,NA,NA,NA,71.5,2.8,2017,NA,"Landing"
"628","Plaice",NA,NA,998.7,9,NA,NA,NA,34.1,3.6,2017,NA,"Landing"
"629","Witch Flounder",497.3,447.5,439.8,7.7,NA,NA,NA,48,1.8,2017,NA,"Landing"
"630","GB Winter Flounder",377,376.9,376.9,NA,NA,NA,NA,NA,0.1,2017,NA,"Landing"
"631","GOM Winter Flounder",296.3,110.7,107.9,2.8,NA,NA,NA,183.2,2.4,2017,NA,"Landing"
"632","SNE/MA Winter Flounder",428.5,401.6,364.6,37,NA,NA,NA,22.2,4.7,2017,NA,"Landing"
"633","Redfish",NA,NA,NA,0.1,NA,NA,NA,3,7.2,2017,NA,"Landing"
"634","White Hake",NA,NA,NA,0.5,NA,NA,NA,1,3.5,2017,NA,"Landing"
"635","Pollock",NA,NA,NA,18.4,NA,NA,NA,287.4,297,2017,NA,"Landing"
"636","Northern Windowpane",0,0,0,NA,NA,NA,NA,0,NA,2017,NA,"Landing"
"637","Southern Windowpane",13.5,0.1,0,0.1,NA,NA,NA,13.3,0.1,2017,NA,"Landing"
"638","Ocean Pout",0.1,NA,NA,NA,NA,NA,NA,NA,0.1,2017,NA,"Landing"
"639","Halibut",60.8,25.7,25.6,0.1,NA,NA,NA,30,5.1,2017,NA,"Landing"
"640","Wolffish",0,0,0,NA,NA,NA,NA,NA,NA,2017,NA,"Landing"
"641","GB cod",147.3,136.5,118,18.5,NA,NA,NA,0,10.8,2010,NA,"Discard"
"642","GOM cod",119.6,110.7,79.9,30.8,NA,NA,NA,0,8.9,2010,NA,"Discard"
"643","GB Haddock",111.2,41,40.6,0.5,NA,0,NA,0,70.1,2010,NA,"Discard"
"644","GOM Haddock",3.4,2.9,2.7,0.2,NA,0,NA,0,0.5,2010,NA,"Discard"
"645","GB Yellowtail Flounder",128.1,77.5,66.7,10.8,NA,NA,17.4,0,33.2,2010,NA,"Discard"
"646","SNE Yellowtail Flounder",140,9.4,4.6,4.7,NA,NA,110.3,0,20.3,2010,NA,"Discard"
"647","CC/GOM Yellowtail Flounder",118.5,78.4,59.7,18.7,NA,NA,NA,0,40.2,2010,NA,"Discard"
"648","Plaice",224.3,182.3,171.8,10.5,NA,NA,NA,0,42.1,2010,NA,"Discard"
"649","Witch Flounder",143.2,61.2,57.2,4,NA,NA,NA,0,82,2010,NA,"Discard"
"650","GB Winter Flounder",160.2,20.8,17.9,2.9,NA,NA,NA,0,139.4,2010,NA,"Discard"
"651","GOM Winter Flounder",29.9,4.8,1.6,3.2,NA,NA,NA,2.3,22.8,2010,NA,"Discard"
"652","SNE Winter Flounder",208.3,36.8,34.3,2.5,NA,NA,NA,36.8,134.6,2010,NA,"Discard"
"653","Redfish",157.6,153,151.8,1.3,NA,NA,NA,0,4.6,2010,NA,"Discard"
"654","White Hake",48.3,35.9,31.5,4.4,NA,NA,NA,0,12.4,2010,NA,"Discard"
"655","Pollock",88.4,85.6,78.3,7.3,NA,NA,NA,0,2.8,2010,NA,"Discard"
"656","Northern Windowpane",162.3,153.2,151.4,1.8,NA,NA,NA,0,9,2010,NA,"Discard"
"657","Southern Windowpane",488.3,66,52.6,13.4,NA,NA,NA,0,422.3,2010,NA,"Discard"
"658","Ocean Pout",101.3,64.7,56.4,8.3,NA,NA,NA,0,36.7,2010,NA,"Discard"
"659","Halibut",21.3,19.9,19.5,0.4,NA,NA,NA,0,1.4,2010,NA,"Discard"
"660","Wolffish",22.2,22.1,18.7,3.5,NA,NA,NA,0,0.1,2010,NA,"Discard"
"661","GB cod",155.3,147.7,144.3,3.4,NA,NA,NA,NA,7.7,2011,NA,"Discard"
"662","GOM cod",188.9,169.1,145.5,23.7,NA,NA,NA,NA,19.7,2011,NA,"Discard"
"663","GB Haddock",368.9,82,82,0,NA,0,NA,NA,286.8,2011,NA,"Discard"
"664","GOM Haddock",15.7,7.5,7.4,0.1,NA,0,NA,NA,8.2,2011,NA,"Discard"
"665","GB Yellowtail Flounder",166,49.1,48.9,0.2,NA,NA,73.7,0,43.1,2011,NA,"Discard"
"666","SNE/MA Yellowtail Flounder",149.3,19.5,18.7,0.8,NA,NA,109.9,NA,19.9,2011,NA,"Discard"
"667","CC/GOM Yellowtail Flounder",91.9,86.4,83.7,2.7,NA,NA,NA,NA,5.5,2011,NA,"Discard"
"668","Plaice",206.9,196.3,195.7,0.5,NA,NA,NA,NA,10.7,2011,NA,"Discard"
"669","Witch Flounder",227.1,62.4,62,0.3,NA,NA,NA,NA,164.7,2011,NA,"Discard"
"670","GB Winter Flounder",71.6,13.2,13.2,0.1,NA,NA,NA,0,58.4,2011,NA,"Discard"
"671","GOM Winter Flounder",45.9,5.1,5.1,0.1,NA,NA,NA,36.3,4.4,2011,NA,"Discard"
"672","SNE/MA Winter Flounder",237.5,90.2,83.5,6.7,NA,NA,NA,7.9,139.4,2011,NA,"Discard"
"673","Redfish",194.6,184.6,184.4,0.2,NA,NA,NA,NA,10,2011,NA,"Discard"
"674","White Hake",36.5,33.6,32.6,1.1,NA,NA,NA,NA,2.9,2011,NA,"Discard"
"675","Pollock",116.5,113.2,109.4,3.8,NA,NA,NA,NA,3.3,2011,NA,"Discard"
"676","Northern Windowpane",190.9,156.5,156.2,0.3,NA,NA,NA,NA,34.4,2011,NA,"Discard"
"677","Southern Windowpane",462.3,109.2,82.8,26.3,NA,NA,NA,NA,353.1,2011,NA,"Discard"
"678","Ocean Pout",90.2,60.7,56.3,4.4,NA,NA,NA,NA,29.5,2011,NA,"Discard"
"679","Halibut",33.1,31.2,31.1,0.1,NA,NA,NA,NA,1.9,2011,NA,"Discard"
"680","Wolffish",32.9,32.9,32.2,0.7,NA,NA,NA,NA,0,2011,NA,"Discard"
"681","GB cod",145.2,133.1,131.9,1.2,NA,NA,NA,3.4,8.7,2012,NA,"Discard"
"682","GOM cod",NA,NA,122.1,5,NA,NA,NA,2,3.5,2012,NA,"Discard"
"683","GB Haddock",314.2,270.7,270.6,0.2,NA,16.7,NA,5,21.7,2012,NA,"Discard"
"684","GOM Haddock",35.5,33.4,33.3,0.1,NA,0,NA,0.5,1.5,2012,NA,"Discard"
"685","GB Yellowtail Flounder",157.4,13.1,13,0.1,NA,NA,138.9,0,5.4,2012,NA,"Discard"
"686","SNE/MA Yellowtail Flounder",157.9,43.9,41.8,2.1,NA,NA,51.6,5.3,57.2,2012,NA,"Discard"
"687","CC/GOM Yellowtail Flounder",134.3,112.6,111.4,1.2,NA,NA,NA,1.8,19.9,2012,NA,"Discard"
"688","Plaice",266.3,237.3,236.6,0.7,NA,NA,NA,7.1,22,2012,NA,"Discard"
"689","Witch Flounder",227.7,65.9,65.6,0.3,NA,NA,NA,1.9,160,2012,NA,"Discard"
"690","GB Winter Flounder",125.1,4.5,4.5,0,NA,NA,NA,0,120.5,2012,NA,"Discard"
"691","GOM Winter Flounder",12.2,8.5,8.5,0,NA,NA,NA,1.5,2.2,2012,NA,"Discard"
"692","SNE/MA Winter Flounder*",246.8,105.3,104.2,1,NA,NA,NA,4,137.6,2012,NA,"Discard"
"693","Redfish",332.5,320.6,320,0.6,NA,NA,NA,9.6,2.3,2012,NA,"Discard"
"694","White Hake",48.8,38.2,32.9,5.3,NA,NA,NA,1.2,9.4,2012,NA,"Discard"
"695","Pollock",NA,102.5,98.2,4.3,NA,NA,NA,431.7,590.7,2012,NA,"Discard"
"696","Northern Windowpane",207.4,129.6,129.5,0.1,NA,NA,NA,0.8,77,2012,NA,"Discard"
"697","Southern Windowpane",489.9,106.1,95.8,10.3,NA,NA,NA,12.7,371.1,2012,NA,"Discard"
"698","Ocean Pout",53.1,39.1,35.4,3.6,NA,NA,NA,1.1,12.9,2012,NA,"Discard"
"699","Halibut",46.9,45.3,45.2,0.1,NA,NA,NA,1.3,0.3,2012,NA,"Discard"
"700","Wolffish",32.4,30.2,30,0.1,NA,NA,NA,1,1.2,2012,NA,"Discard"
"701","GB Cod",62.4,47.7,46.6,1.1,NA,NA,NA,3.2,11.5,2013,NA,"Discard"
"702","GOM cod",124.1,118.8,19.7,0.3,98.8,NA,NA,2.6,2.7,2013,NA,"Discard"
"703","GB Haddock",360.2,281.1,281.1,0,NA,17.2,NA,5.9,56,2013,NA,"Discard"
"704","GOM Haddock",23.1,20.8,20.8,0,0,0,NA,0.7,1.6,2013,NA,"Discard"
"705","GB Yellowtail Flounder",43.5,9.6,9.6,0,NA,NA,33.9,0,0,2013,2.5,"Discard"
"706","SNE/MA Yellowtail Flounder",89.5,11.8,10.9,0.9,NA,NA,47.1,6.1,24.5,2013,NA,"Discard"
"707","CC/GOM Yellowtail Flounder",47.1,17.8,16.7,1,NA,NA,NA,2,27.3,2013,NA,"Discard"
"708","Plaice",143.1,105,104.5,0.4,NA,NA,NA,9.2,28.9,2013,NA,"Discard"
"709","Witch Flounder",115.8,39.8,39.3,0.5,NA,NA,NA,2.4,73.6,2013,NA,"Discard"
"710","GB Winter Flounder",45.6,5.3,5.3,0,NA,NA,NA,0,40.3,2013,NA,"Discard"
"711","GOM Winter Flounder",13.4,4.5,4.5,0,NA,NA,NA,2.1,6.7,2013,NA,"Discard"
"712","SNE/MA Winter Flounder",172.2,11.7,6.8,4.9,NA,NA,NA,8.1,152.4,2013,NA,"Discard"
"713","Redfish",402.4,386.6,385.6,0.9,NA,NA,NA,12.5,3.3,2013,NA,"Discard"
"714","White Hake",32.4,23.8,23.2,0.6,NA,NA,NA,1.5,7.1,2013,NA,"Discard"
"715","Pollock",NA,106.1,105.4,0.7,NA,NA,NA,723.6,682.2,2013,NA,"Discard"
"716","Northern Windowpane",280.1,237.5,237.3,0.2,NA,NA,NA,0.9,41.6,2013,NA,"Discard"
"717","Southern Windowpane",531.8,115.9,86,29.9,NA,NA,129.1,16.5,270.4,2013,NA,"Discard"
"718","Ocean Pout",59.3,33.2,27.3,5.9,NA,NA,NA,1.5,24.6,2013,NA,"Discard"
"719","Halibut",42.9,40.4,40.4,0.1,NA,NA,NA,1.7,0.7,2013,NA,"Discard"
"720","Wolffish",19.1,17.1,17.1,0,NA,NA,NA,1.3,0.7,2013,NA,"Discard"
"721","GB Cod",47.1,20.1,19.9,0.2,NA,NA,NA,0.4,26.5,2014,NA,"Discard"
"722","GOM cod",250.7,179.3,24,0.2,155.1,NA,NA,1.8,69.6,2014,NA,"Discard"
"723","GB Haddock",NA,473.7,473.6,0.1,NA,NA,NA,8.1,774.1,2014,NA,"Discard"
"724","GOM Haddock",427,395.5,29.9,0.2,365.5,NA,NA,2.2,29.3,2014,NA,"Discard"
"725","GB Yellowtail Flounder",69.1,8.8,8.7,0.1,NA,NA,59.3,NA,0,2014,1.1,"Discard"
"726","SNE/MA Yellowtail Flounder",91.4,4,3.1,0.9,NA,NA,64.1,0.4,23,2014,NA,"Discard"
"727","CC/GOM Yellowtail Flounder",54.3,15.9,15.8,0.1,NA,NA,NA,0.8,37.6,2014,NA,"Discard"
"728","Plaice",103.8,78.5,78.1,0.4,NA,NA,NA,3.5,21.8,2014,NA,"Discard"
"729","Witch Flounder",113.4,41.5,41.5,0.1,NA,NA,NA,1.8,70.1,2014,NA,"Discard"
"730","GB Winter Flounder",46.5,3,3,0,NA,NA,NA,NA,43.5,2014,NA,"Discard"
"731","GOM Winter Flounder",8.9,4.9,4.9,0,NA,NA,NA,2.1,1.8,2014,NA,"Discard"
"732","SNE/MA Winter Flounder",71.6,4.1,3.1,1.1,NA,NA,NA,0.6,66.9,2014,NA,"Discard"
"733","Redfish",353.8,325.7,323.8,1.9,NA,NA,NA,17,11.1,2014,NA,"Discard"
"734","White Hake",328.9,24.1,22.9,1.2,NA,NA,NA,1.2,303.6,2014,NA,"Discard"
"735","Pollock",143.7,135.1,133.6,1.5,NA,NA,NA,7.6,1,2014,NA,"Discard"
"736","Northern Windowpane",269.3,157.7,157.4,0.3,NA,NA,NA,2.7,108.9,2014,NA,"Discard"
"737","Southern Windowpane",464.2,96.3,68.2,28.1,NA,NA,140,10.2,217.7,2014,NA,"Discard"
"738","Ocean Pout",117.9,33.1,30.8,2.3,NA,NA,NA,1.6,83.2,2014,NA,"Discard"
"739","Halibut",28.6,26.6,26.6,0,NA,NA,NA,1.3,0.6,2014,NA,"Discard"
"740","Wolffish",15.1,14.3,14.3,NA,NA,NA,NA,0.7,0.1,2014,NA,"Discard"
"741","GB Cod",45.1,28.3,27.5,0.8,NA,NA,NA,0.6,16.2,2015,NA,"Discard"
"742","GOM Cod",95.5,94,13.5,0.5,80,NA,NA,0.5,1,2015,NA,"Discard"
"743","GB Haddock",NA,856.7,856.7,0,NA,0.6,NA,18.4,666.5,2015,NA,"Discard"
"744","GOM Haddock",215.1,189.8,46.2,0,143.6,NA,NA,1.5,23.7,2015,NA,"Discard"
"745","GB Yellowtail Flounder",31.7,1.9,1.9,0,NA,NA,29.8,NA,0,2015,0.1,"Discard"
"746","SNE/MA Yellowtail Flounder",51.8,10.9,1.9,8.9,NA,NA,34.6,1,5.4,2015,NA,"Discard"
"747","CC/GOM Yellowtail Flounder",45,18.8,18.3,0.5,NA,NA,NA,0.5,25.7,2015,NA,"Discard"
"748","Plaice",106.6,83.9,81.2,2.7,NA,NA,NA,3,19.8,2015,NA,"Discard"
"749","Witch Flounder",112.1,48.8,42.1,6.7,NA,NA,NA,1.7,61.7,2015,NA,"Discard"
"750","GB Winter Flounder",21.1,4.1,4.1,0,NA,NA,NA,NA,17,2015,NA,"Discard"
"751","GOM Winter Flounder",8.1,2.1,1.9,0.1,NA,NA,NA,1.5,4.5,2015,NA,"Discard"
"752","SNE/MA Winter Flounder",124.4,8.6,4.3,4.3,NA,NA,NA,7.8,108,2015,NA,"Discard"
"753","Redfish",107.8,101.9,101.9,0,NA,NA,NA,3.9,2,2015,NA,"Discard"
"754","White Hake",20.5,14.4,14.4,NA,NA,NA,NA,0.5,5.5,2015,NA,"Discard"
"755","Pollock",787.3,75.8,75.8,NA,NA,NA,NA,295.5,416.1,2015,NA,"Discard"
"756","Northern Windowpane",189.5,73.6,73.6,0,NA,NA,NA,1,114.9,2015,NA,"Discard"
"757","Southern Windowpane",620.6,137.4,90.4,47,NA,NA,210.6,17,255.6,2015,NA,"Discard"
"758","Ocean Pout",76.2,52.3,44.1,8.2,NA,NA,NA,1.7,22.2,2015,NA,"Discard"
"759","Halibut",39.8,37,36.9,0,NA,NA,NA,1.6,1.2,2015,NA,"Discard"
"760","Wolffish",19.7,18.7,18.7,NA,NA,NA,NA,0.7,0.3,2015,NA,"Discard"
"761","GB Cod",66.9,24.6,24.6,0.1,NA,NA,NA,9.5,32.8,2016,NA,"Discard"
"762","GOM Cod",200.2,196.6,9.9,0.3,186.4,NA,NA,0.4,3.3,2016,NA,"Discard"
"763","GB Haddock",NA,945.6,945.6,0,NA,3.6,NA,14,247.2,2016,NA,"Discard"
"764","GOM Haddock",510.5,411,83.6,0.6,326.8,NA,NA,3.6,95.8,2016,NA,"Discard"
"765","GB Yellowtail Flounder",7.3,0.5,0.5,NA,NA,NA,2.1,NA,0,2016,4.8,"Discard"
"766","SNE/MA Yellowtail Flounder",22,3,1.4,1.5,NA,NA,10.7,0.3,8,2016,NA,"Discard"
"767","CC/GOM Yellowtail Flounder",62.2,15.7,14.3,1.3,NA,NA,NA,0.5,46.1,2016,NA,"Discard"
"768","Plaice",122.5,94.6,93,1.5,NA,NA,NA,3.1,24.9,2016,NA,"Discard"
"769","Witch Flounder",117.4,64.4,63.9,0.5,NA,NA,NA,1.9,51.1,2016,NA,"Discard"
"770","GB Winter Flounder",5,1.2,1.2,NA,NA,NA,NA,NA,3.8,2016,NA,"Discard"
"771","GOM Winter Flounder",17.3,5,5,0,NA,NA,NA,7.3,5,2016,NA,"Discard"
"772","SNE/MA Winter Flounder",111.6,9.6,7.7,1.8,NA,NA,NA,1.7,100.3,2016,NA,"Discard"
"773","Redfish",55.9,51.7,51.7,0,NA,NA,NA,1.6,2.7,2016,NA,"Discard"
"774","White Hake",43.6,35.4,35.4,NA,NA,NA,NA,0.9,7.4,2016,NA,"Discard"
"775","Pollock",693.3,74.7,74.7,0,NA,NA,NA,347.4,271.1,2016,NA,"Discard"
"776","Northern Windowpane",83.7,45,45,0,NA,NA,NA,0.7,37.9,2016,NA,"Discard"
"777","Southern Windowpane",404,126.7,108.3,18.4,NA,NA,84.4,14.8,178.1,2016,NA,"Discard"
"778","Ocean Pout",43.3,17.1,16.3,0.8,NA,NA,NA,0.4,25.8,2016,NA,"Discard"
"779","Halibut",39,36.6,36.6,0,NA,NA,NA,1.3,1.1,2016,NA,"Discard"
"780","Wolffish",0.8,0.6,0.6,0,NA,NA,NA,0,0.1,2016,NA,"Discard"
"781","GB Cod",22.8,13.1,12.8,0.3,NA,NA,NA,0.6,9.2,2017,NA,"Discard"
"782","GOM Cod",244.4,237.4,14.1,4.5,218.8,NA,NA,0.7,6.2,2017,NA,"Discard"
"783","GB Haddock",749.8,564.2,564.2,NA,NA,NA,NA,12,173.5,2017,NA,"Discard"
"784","GOM Haddock",405.1,359.3,97.5,0.5,261.3,NA,NA,3.8,42,2017,NA,"Discard"
"785","GB Yellowtail Flounder",53,0.1,0.1,NA,NA,NA,52.6,NA,0,2017,0.4,"Discard"
"786","SNE/MA Yellowtail Flounder",10.1,1.1,1.1,0,NA,NA,4.3,0.2,4.6,2017,NA,"Discard"
"787","CC/GOM Yellowtail Flounder",49.9,18.3,16.4,1.9,NA,NA,NA,0.4,31.1,2017,NA,"Discard"
"788","Plaice",87.6,70.7,70.3,0.4,NA,NA,NA,2.5,14.4,2017,NA,"Discard"
"789","Witch Flounder",93.9,47.2,46.7,0.5,NA,NA,NA,1.7,45,2017,NA,"Discard"
"790","GB Winter Flounder",13.9,0.7,0.7,NA,NA,NA,NA,NA,13.2,2017,NA,"Discard"
"791","GOM Winter Flounder",11.7,3.1,3.1,0,NA,NA,NA,2.1,6.6,2017,NA,"Discard"
"792","SNE/MA Winter Flounder",122,7.7,7.4,0.3,NA,NA,NA,1.1,113.2,2017,NA,"Discard"
"793","Redfish",32.9,29,28.1,0.9,NA,NA,NA,1.2,2.7,2017,NA,"Discard"
"794","White Hake",15.5,7.7,7.7,NA,NA,NA,NA,0.3,7.5,2017,NA,"Discard"
"795","Pollock",866.6,38.1,38.1,0,NA,NA,NA,348.2,480.4,2017,NA,"Discard"
"796","Northern Windowpane",87.4,35.1,33.9,1.2,NA,NA,44.1,0.5,7.7,2017,NA,"Discard"
"797","Southern Windowpane",427.4,71.3,66.3,5,NA,NA,143.9,11.3,200.9,2017,NA,"Discard"
"798","Ocean Pout",28.1,11.1,10.7,0.4,NA,NA,NA,0.3,16.6,2017,NA,"Discard"
"799","Halibut",46.6,42.6,42.6,NA,NA,NA,NA,1.6,2.4,2017,NA,"Discard"
"800","Wolffish",1.7,1.6,1.6,0,NA,NA,NA,0.1,0,2017,NA,"Discard"
