Stock,Total,Commercial,Sector,Common Pool,Recreational,Herring Fishery,Scallop Fishery,State Water,Other,Year,Small Mesh,data_type
GB cod,3028.9,2829.7,2745.8,84,NA,NA,NA,27.7,171.4,2010,NA,Catch
GOM cod,5745.2,5497.1,3617.1,226,1654,NA,NA,190.3,57.8,2010,NA,Catch
GB Haddock,8542,8340.2,8248,92.2,NA,69.2,NA,1.6,131,2010,NA,Catch
GOM Haddock,784.6,774,370.5,7.1,396.3,0.5,NA,8.5,1.6,2010,NA,Catch
GB Yellowtail Flounder,809.7,757.6,739,18.6,NA,NA,17.6,0,34.4,2010,NA,Catch
SNE Yellowtail Flounder,314.7,171.9,152.5,19.4,NA,NA,113,6.7,23.1,2010,NA,Catch
CC/GOM Yellowtail Flounder,671.4,596.7,559.8,36.9,NA,NA,NA,33.2,41.6,2010,NA,Catch
Plaice,1607.7,1536.4,1503.7,32.8,NA,NA,NA,25.1,46.2,2010,NA,Catch
Witch Flounder,832.5,725.3,695.4,30,NA,NA,NA,23.5,83.7,2010,NA,Catch
GB Winter Flounder,1531.3,1391.2,1382.4,8.8,NA,NA,NA,0,140.1,2010,NA,Catch
GOM Winter Flounder,193.5,106.1,80.7,25.4,NA,NA,NA,64.2,23.2,2010,NA,Catch
SNE/MA Winter Flounder,370.1,47.4,42.3,5.1,NA,NA,NA,181,141.8,2010,NA,Catch
Redfish,2166.9,2151.2,2143.3,7.9,NA,NA,NA,10.5,5.2,2010,NA,Catch
White Hake,2344.7,2259.8,2215.6,44.2,NA,NA,NA,25.3,59.6,2010,NA,Catch
Pollock,7532,5601.1,5449.8,151.2,NA,NA,NA,1059.8,871.1,2010,NA,Catch
Northern Windowpane,162.6,153.5,151.7,1.8,NA,NA,NA,0,9.1,2010,NA,Catch
Southern Windowpane,534.9,73.6,52.7,20.9,NA,NA,NA,31,430.3,2010,NA,Catch
Ocean Pout,102.4,65.2,56.5,8.7,NA,NA,NA,0,37.1,2010,NA,Catch
Halibut,36.2,27.8,25.6,2.2,NA,NA,NA,6.6,1.8,2010,NA,Catch
Wolffish,22.5,22.4,18.9,3.5,NA,NA,NA,0,0.1,2010,NA,Catch
GB cod,3405.9,3276.7,3215.3,61.5,NA,NA,NA,38.9,90.2,2011,NA,Catch
GOM cod,6347.1,6101.8,4368,93.4,1640.3,NA,NA,216.4,28.8,2011,NA,Catch
GB Haddock,4252,3840.5,3828.8,11.7,NA,101.8,NA,3.9,305.8,2011,NA,Catch
GOM Haddock,737.6,724.1,483.7,1.9,238.5,0.2,NA,4.9,8.4,2011,NA,Catch
GB Yellowtail Flounder,1117,990,988,2,NA,NA,83.9,0,43.2,2011,NA,Catch
SNE/MA Yellowtail Flounder,514.9,376.2,364,12.2,NA,NA,110.9,1.1,26.7,2011,NA,Catch
CC/GOM Yellowtail Flounder,853.1,806.5,795.1,11.4,NA,NA,NA,38.5,8.1,2011,NA,Catch
Plaice,1660.7,1636.1,1631.6,4.5,NA,NA,NA,12.1,12.6,2011,NA,Catch
Witch Flounder,1186,997.1,992.9,4.2,NA,NA,NA,22.5,166.4,2011,NA,Catch
GB Winter Flounder,1984.8,1925.4,1924.2,1.1,NA,NA,NA,0,59.4,2011,NA,Catch
GOM Winter Flounder,287.3,160.8,158.2,2.6,NA,NA,NA,113.3,13.2,2011,NA,Catch
SNE/MA Winter Flounder,298.7,93.9,86.9,7,NA,NA,NA,40,164.9,2011,NA,Catch
Redfish,2720.6,2706.7,2703.2,3.6,NA,NA,NA,3.6,10.2,2011,NA,Catch
White Hake,3035.5,3028.5,3014.4,14.1,NA,NA,NA,2.6,4.4,2011,NA,Catch
Pollock,9064,7612.4,7543.1,69.2,NA,NA,NA,694,757.6,2011,NA,Catch
Northern Windowpane,191.3,156.5,156.2,0.3,NA,NA,NA,0,34.8,2011,NA,Catch
Southern Windowpane,504.1,111.5,83,28.5,NA,NA,NA,16.6,376,2011,NA,Catch
Ocean Pout,90.2,60.7,56.3,4.4,NA,NA,NA,0,29.5,2011,NA,Catch
Halibut,52.1,42.6,41.4,1.2,NA,NA,NA,7.1,2.5,2011,NA,Catch
Wolffish,33,32.9,32.2,0.7,NA,NA,NA,0,0.1,2011,NA,Catch
GB cod,1724.1,1621.7,1593,28.656,NA,NA,NA,21.5,80.9,2012,NA,Catch
GOM cod,3903.8,3854.9,2181.1,29.9,1644,NA,NA,44.6,4.3,2012,NA,Catch
GB Haddock,1525.5,1197.6,1197.1,0.5,NA,288.6,NA,14.2,25.1,2012,NA,Catch
GOM Haddock,530,526.7,245.1,0.9,280.7,0.1,NA,1.7,1.6,2012,NA,Catch
GB Yellowtail Flounder,384.9,215.5,215.2,0.3,NA,NA,164,0,5.4,2012,NA,Catch
SNE/MA Yellowtail Flounder,593.5,463,425.6,37.4,NA,NA,54,12,64.6,2012,NA,Catch
CC/GOM Yellowtail Flounder,1012.3,957.6,954.3,3.2,NA,NA,NA,33.7,20.9,2012,NA,Catch
Plaice,1642.8,1604.7,1601.4,3.3,NA,NA,NA,15.3,22.8,2012,NA,Catch
Witch Flounder,1174,983.3,981,2.3,NA,NA,NA,28.2,162.5,2012,NA,Catch
GB Winter Flounder,2057.6,1931.7,1930.9,0.8,NA,NA,NA,0,125.9,2012,NA,Catch
GOM Winter Flounder,322.8,260,258,2,NA,NA,NA,60.2,2.6,2012,NA,Catch
SNE/MA Winter Flounder,315.9,106,104.8,1.1,NA,NA,NA,58.9,151,2012,NA,Catch
Redfish,4445.4,4429,4423.4,5.6,NA,NA,NA,13.4,3.1,2012,NA,Catch
White Hake,2485.4,2470.6,2446.8,23.8,NA,NA,NA,2.8,12,2012,NA,Catch
Pollock,8092.4,6462.5,6394.7,67.8,NA,NA,NA,532.3,1097.6,2012,NA,Catch
Northern Windowpane,208.9,129.6,129.5,0.1,NA,NA,NA,2.3,77,2012,NA,Catch
Southern Windowpane,520.9,106.5,95.9,10.6,NA,NA,NA,34.4,380,2012,NA,Catch
Ocean Pout,53.2,39.1,35.4,3.6,NA,NA,NA,1.2,13,2012,NA,Catch
Halibut,75.7,60.7,57.4,3.3,NA,NA,NA,13.3,1.7,2012,NA,Catch
Wolffish,32.4,30.2,30,0.1,NA,NA,NA,1,1.2,2012,NA,Catch
GB Cod,1616.3,1572.9,1540.6,32.3,NA,NA,NA,9.2,34.2,2013,NA,Catch
GOM cod,1418.8,1380.1,732,8.8,639.3,NA,NA,35.8,2.9,2013,NA,Catch
GB Haddock,3330.1,2977.5,2977.1,0.4,NA,290,NA,6.1,56.5,2013,NA,Catch
GOM Haddock,405.7,402.9,169.2,2.2,231.5,0,NA,1.3,1.6,2013,NA,Catch
GB Yellowtail Flounder,93.3,55.8,55.8,0,NA,NA,37.5,0,0,2013,2.5,Catch
SNE/MA Yellowtail Flounder,466.1,373.3,281.9,91.4,NA,NA,48.6,14.5,29.8,2013,NA,Catch
CC/GOM Yellowtail Flounder,453.1,380.5,376.5,4.1,NA,NA,NA,42.8,29.7,2013,NA,Catch
Plaice,1444.6,1395.2,1391.6,3.6,NA,NA,NA,19.6,29.8,2013,NA,Catch
Witch Flounder,745.2,642.3,638.9,3.4,NA,NA,NA,27.1,75.8,2013,NA,Catch
GB Winter Flounder,1763.1,1722,1722,0,NA,NA,NA,0,41,2013,NA,Catch
GOM Winter Flounder,245.6,169.3,167.6,1.7,NA,NA,NA,67.4,8.9,2013,NA,Catch
SNE/MA Winter Flounder,1025.9,788.6,670.4,118.3,NA,NA,NA,55.7,181.6,2013,NA,Catch
Redfish,4023.5,4000.6,3996.2,4.4,NA,NA,NA,19,3.9,2013,NA,Catch
White Hake,2056.3,2045.6,2039.8,5.8,NA,NA,NA,2.3,8.3,2013,NA,Catch
Pollock,7029.1,4915,4878.4,36.5,NA,NA,NA,981.7,1132.4,2013,NA,Catch
Northern Windowpane,280.1,237.5,237.3,0.2,NA,NA,NA,0.9,41.6,2013,NA,Catch
Southern Windowpane,554.7,115.9,86,30,NA,NA,129.1,37.3,272.4,2013,NA,Catch
Ocean Pout,59.3,33.2,27.3,5.9,NA,NA,NA,1.5,24.6,2013,NA,Catch
Halibut,79,54.7,53.8,0.9,NA,NA,NA,22.8,1.5,2013,NA,Catch
Wolffish,19.1,17.1,17.1,0,NA,NA,NA,1.3,0.7,2013,NA,Catch
GB Cod,1514.4,1386.3,1364.3,22,NA,NA,NA,19.5,108.6,2014,NA,Catch
GOM cod,1394.9,1286.5,652.2,11.1,623.3,NA,NA,38.2,70.2,2014,NA,Catch
GB Haddock,6364,5449.1,5448.3,0.8,NA,113.5,NA,8.1,793.4,2014,NA,Catch
GOM Haddock,1019.2,983.3,323.8,0.9,658.6,NA,NA,4.8,31.1,2014,NA,Catch
GB Yellowtail Flounder,122.8,62.5,62.4,0.1,NA,NA,59.3,NA,0,2014,1.1,Catch
SNE/MA Yellowtail Flounder,497.1,400.4,313,87.4,NA,NA,64.8,0.6,31.3,2014,NA,Catch
CC/GOM Yellowtail Flounder,335.1,250.5,249.4,1,NA,NA,NA,45.8,38.9,2014,NA,Catch
Plaice,1342.3,1300.9,1292.8,8.1,NA,NA,NA,17.5,23.8,2014,NA,Catch
Witch Flounder,624,515.4,514.2,1.2,NA,NA,NA,38.3,70.4,2014,NA,Catch
GB Winter Flounder,1193.2,1149.3,1149.3,0,NA,NA,NA,NA,43.8,2014,NA,Catch
GOM Winter Flounder,240.8,124.3,123.7,0.6,NA,NA,NA,113.3,3.2,2014,NA,Catch
SNE/MA Winter Flounder,703.2,545.8,489.9,55.9,NA,NA,NA,71.1,86.3,2014,NA,Catch
Redfish,4748.4,4686.9,4681.9,5,NA,NA,NA,18.1,43.5,2014,NA,Catch
White Hake,2058.2,1748.7,1740.1,8.5,NA,NA,NA,1.5,308,2014,NA,Catch
Pollock,4753.7,4016.4,3971.6,44.8,NA,NA,NA,542.9,194.4,2014,NA,Catch
Northern Windowpane,269.3,157.7,157.4,0.3,NA,NA,NA,2.7,108.9,2014,NA,Catch
Southern Windowpane,478,96.3,68.2,28.1,NA,NA,140,23.4,218.2,2014,NA,Catch
Ocean Pout,120.2,33.1,30.8,2.3,NA,NA,NA,3.9,83.2,2014,NA,Catch
Halibut,78.6,47.8,45.9,1.9,NA,NA,NA,28.7,2.1,2014,NA,Catch
Wolffish,15.1,14.3,14.3,NA,NA,NA,NA,0.7,0.2,2014,NA,Catch
GB Cod,1835.4,1636.8,1601.1,35.8,NA,NA,NA,45.5,153,2015,NA,Catch
GOM Cod,324.8,270.9,181.6,4.8,84.5,NA,NA,46.4,7.5,2015,NA,Catch
GB Haddock,6003.5,5074.7,5074.4,0.3,NA,235.5,NA,25,668.3,2015,NA,Catch
GOM Haddock,1139.9,1111.2,726.2,3.1,381.9,NA,NA,4,24.6,2015,NA,Catch
GB Yellowtail Flounder,68.2,38.4,38.4,0,NA,NA,29.8,NA,0,2015,0.1,Catch
SNE/MA Yellowtail Flounder,326.6,283.5,174.4,109.2,NA,NA,34.6,2.2,6.3,2015,NA,Catch
CC/GOM Yellowtail Flounder,465.6,385.1,371.7,13.4,NA,NA,NA,52.6,27.9,2015,NA,Catch
Plaice,1425.1,1379.9,1366,13.9,NA,NA,NA,23.3,21.8,2015,NA,Catch
Witch Flounder,639.4,536.9,523.2,13.8,NA,NA,NA,40.2,62.3,2015,NA,Catch
GB Winter Flounder,886.5,868.8,868.8,0,NA,NA,NA,NA,17.7,2015,NA,Catch
GOM Winter Flounder,205.8,121,117.6,3.5,NA,NA,NA,79.8,5,2015,NA,Catch
SNE/MA Winter Flounder,886.7,688,583.4,104.6,NA,NA,NA,85.2,113.5,2015,NA,Catch
Redfish,5291.8,5284.6,5284.3,0.3,NA,NA,NA,4.3,2.8,2015,NA,Catch
White Hake,1606.6,1599.1,1598.8,0.3,NA,NA,NA,0.7,6.8,2015,NA,Catch
Pollock,3995.1,2923.9,2876.9,47,NA,NA,NA,441.5,629.7,2015,NA,Catch
Northern Windowpane,189.8,73.6,73.6,0,NA,NA,NA,1.3,114.9,2015,NA,Catch
Southern Windowpane,643.4,137.6,90.4,47.2,NA,NA,210.6,39.1,256.1,2015,NA,Catch
Ocean Pout,76.3,52.3,44.1,8.2,NA,NA,NA,1.7,22.3,2015,NA,Catch
Halibut,102,59,58.5,0.4,NA,NA,NA,41.1,1.9,2015,NA,Catch
Wolffish,19.7,18.7,18.7,NA,NA,NA,NA,0.7,0.4,2015,NA,Catch
GB Cod,1132.1,596.6,582.3,14.3,NA,NA,NA,77.5,458,2016,NA,Catch
GOM Cod,633.7,547.4,260.4,6.1,280.9,NA,NA,77.3,9,2016,NA,Catch
GB Haddock,4790.7,4391.3,4390.3,1,NA,118.9,NA,14.1,266.4,2016,NA,Catch
GOM Haddock,2583.2,2473.5,1576.1,10.4,887,1.9,NA,9.2,98.5,2016,NA,Catch
GB Yellowtail Flounder,30.7,23.9,23.9,NA,NA,NA,2.1,NA,0,2016,4.8,Catch
SNE/MA Yellowtail Flounder,84.7,62.5,44.5,18,NA,NA,10.7,0.7,10.8,2016,NA,Catch
CC/GOM Yellowtail Flounder,360.4,261,248.8,12.1,NA,NA,NA,50.8,48.7,2016,NA,Catch
Plaice,1208.9,1139.3,1121.9,17.4,NA,NA,NA,36,33.7,2016,NA,Catch
Witch Flounder,460.3,358.8,351.4,7.4,NA,NA,NA,46.2,55.2,2016,NA,Catch
GB Winter Flounder,426.9,422.6,422.6,NA,NA,NA,NA,NA,4.3,2016,NA,Catch
GOM Winter Flounder,247.7,111.9,109.2,2.7,NA,NA,NA,130.7,5.1,2016,NA,Catch
SNE/MA Winter Flounder,597.2,453.3,396.6,56.7,NA,NA,NA,26.1,117.8,2016,NA,Catch
Redfish,4091.6,4078.1,4077.6,0.4,NA,NA,NA,4.7,8.8,2016,NA,Catch
White Hake,1483.5,1472.2,1471.5,0.7,NA,NA,NA,1.2,10,2016,NA,Catch
Pollock,3998.8,2985.1,2961.5,23.6,NA,NA,NA,631.9,381.8,2016,NA,Catch
Northern Windowpane,83.7,45,45,0,NA,NA,NA,0.7,37.9,2016,NA,Catch
Southern Windowpane,417.2,126.7,108.3,18.4,NA,NA,84.4,28,178.1,2016,NA,Catch
Ocean Pout,43.3,17.1,16.3,0.8,NA,NA,NA,0.4,25.8,2016,NA,Catch
Halibut,108,56.9,56.7,0.2,NA,NA,NA,47.8,3.3,2016,NA,Catch
Wolffish,0.8,0.6,0.6,0,NA,NA,NA,0,0.2,2016,NA,Catch
GB Cod,522.5,446,439.5,6.4,NA,NA,NA,9.7,66.8,2017,NA,Catch
GOM Cod,612.6,514.3,260.6,8.2,245.4,NA,NA,69.5,28.9,2017,NA,Catch
GB Haddock,4330.7,4090.5,4090.2,0.3,NA,47.9,NA,12.3,180,2017,NA,Catch
GOM Haddock,3145.6,3060,2250.9,14.1,795,NA,NA,29.4,56.2,2017,NA,Catch
GB Yellowtail Flounder,84,31,31,NA,NA,NA,52.6,NA,0,2017,0.4,Catch
SNE/MA Yellowtail Flounder,24.4,14.5,10.5,4,NA,NA,4.3,1.1,4.6,2017,NA,Catch
CC/GOM Yellowtail Flounder,311.5,205.7,196.3,9.4,NA,NA,NA,71.9,33.9,2017,NA,Catch
Plaice,1132.8,1078.3,1068.9,9.3,NA,NA,NA,36.6,18,2017,NA,Catch
Witch Flounder,591.2,494.7,486.5,8.2,NA,NA,NA,49.7,46.8,2017,NA,Catch
GB Winter Flounder,390.9,377.6,377.6,NA,NA,NA,NA,NA,13.3,2017,NA,Catch
GOM Winter Flounder,308.1,113.8,111,2.8,NA,NA,NA,185.3,9,2017,NA,Catch
SNE/MA Winter Flounder,550.5,409.3,372,37.2,NA,NA,NA,23.2,118,2017,NA,Catch
Redfish,4661.5,4647.5,4646.5,1,NA,NA,NA,4.1,9.9,2017,NA,Catch
White Hake,2035.6,2023.4,2022.9,0.5,NA,NA,NA,1.2,11,2017,NA,Catch
Pollock,4421.4,3008.5,2990,18.4,NA,NA,NA,635.5,777.4,2017,NA,Catch
Northern Windowpane,87.4,35.1,33.9,1.2,NA,NA,44.1,0.5,7.7,2017,NA,Catch
Southern Windowpane,440.9,71.5,66.3,5.2,NA,NA,143.9,24.5,201,2017,NA,Catch
Ocean Pout,28.2,11.1,10.7,0.4,NA,NA,NA,0.3,16.8,2017,NA,Catch
Halibut,107.4,68.3,68.2,0.1,NA,NA,NA,31.7,7.5,2017,NA,Catch
Wolffish,1.7,1.6,1.6,0,NA,NA,NA,0.1,0,2017,NA,Catch
GB cod,3620,3430,3302,128,NA,NA,NA,38,152,2010,NA,ACL
GOM cod,8088,7240,4327,240,2673,NA,NA,566,283,2010,NA,ACL
GB Haddock,42768,40440,40186,254,NA,84,NA,449,1796,2010,NA,ACL
GOM Haddock,1197,1149,799,26,324,2,NA,9,37,2010,NA,ACL
GB Yellowtail Flounder,1021,823,803,20,NA,NA,146,0,52,2010,NA,ACL
SNE Yellowtail Flounder,470,310,235,75,NA,NA,135,5,20,2010,NA,ACL
CC/GOM Yellowtail Flounder,822,779,729,50,NA,NA,NA,9,35,2010,NA,ACL
Plaice,3006,2848,2748,100,NA,NA,NA,32,126,2010,NA,ACL
Witch Flounder,899,852,827,25,NA,NA,NA,9,38,2010,NA,ACL
GB Winter Flounder,1955,1852,1823,29,NA,NA,NA,0,103,2010,NA,ACL
GOM Winter Flounder,231,158,133,25,NA,NA,NA,60,12,2010,NA,ACL
SNE/MA Winter Flounder,605,520,NA,NA,NA,NA,NA,53,32,2010,NA,ACL
Redfish,7226,6846,6756,90,NA,NA,NA,76,303,2010,NA,ACL
White Hake,2697,2556,2505,51,NA,NA,NA,28,113,2010,NA,ACL
Pollock,18929,16553,16178,375,NA,NA,NA,1188,1188,2010,NA,ACL
Northern Windowpane,161,110,NA,NA,NA,NA,NA,2,49,2010,NA,ACL
Southern Windowpane,225,154,NA,NA,NA,NA,NA,2,69,2010,NA,ACL
Ocean Pout,253,239,NA,NA,NA,NA,NA,3,11,2010,NA,ACL
Halibut,69,30,NA,NA,NA,NA,NA,36,4,2010,NA,ACL
Wolffish,77,73,NA,NA,NA,NA,NA,1,3,2010,NA,ACL
GB cod,4540,4301,4208,93,NA,NA,NA,48,191,2011,NA,ACL
GOM cod,8545,7649,4721,104,2824,NA,NA,597,299,2011,NA,ACL
GB Haddock,32611,30580,30393,187,NA,318,NA,342,1370,2011,NA,ACL
GOM Haddock,1141,1086,770,8,308,11,NA,9,35,2011,NA,ACL
GB Yellowtail Flounder,1416,1142,1122,20,NA,NA,200.8,0,73,2011,NA,ACL
SNE Yellowtail Flounder,641,524,404,120,NA,NA,82,7,27,2011,NA,ACL
CC/GOM Yellowtail Flounder,992,940,913,27,NA,NA,NA,10,42,2011,NA,ACL
Plaice,3280,3108,3038,70,NA,NA,NA,34,138,2011,NA,ACL
Witch Flounder,1304,1236,1211,25,NA,NA,NA,14,55,2011,NA,ACL
GB Winter Flounder,2118,2007,1993,14,NA,NA,NA,0,111,2011,NA,ACL
GOM Winter Flounder,524,329,313,16,NA,NA,NA,163,32,2011,NA,ACL
SNE/MA Winter Flounder,842,726,NA,726,NA,NA,NA,72,45,2011,NA,ACL
Redfish,7959,7541,7505,36,NA,NA,NA,84,334,2011,NA,ACL
White Hake,3138,2974,2946,28,NA,NA,NA,33,132,2011,NA,ACL
Pollock,16166,13952,13848,104,NA,NA,NA,769,1445,2011,NA,ACL
Northern Windowpane,161,110,NA,110,NA,NA,NA,2,49,2011,NA,ACL
Southern Windowpane,225,154,NA,154,NA,NA,NA,2,69,2011,NA,ACL
Ocean Pout,253,239,NA,239,NA,NA,NA,3,11,2011,NA,ACL
Halibut,76,33,NA,33,NA,NA,NA,39,4,2011,NA,ACL
Wolffish,77,73,NA,73,NA,NA,NA,1,3,2011,NA,ACL
GB cod,4861,4605,4524,81,NA,NA,NA,51,204,2012,NA,ACL
GOM cod,6700,6385,3619,80,2215,NA,NA,253,62,2012,NA,ACL
GB Haddock,29260,27438,27363,75,NA,286,NA,307,1229,2012,NA,ACL
GOM Haddock,958,912,648,5,259,9,NA,15,22,2012,NA,ACL
GB Yellowtail Flounder,547.8,368.3,364.1,4.2,NA,NA,156.9,0,22.6,2012,NA,ACL
SNE Yellowtail Flounder,936,760,607,153,NA,NA,127,10,40,2012,NA,ACL
CC/GOM Yellowtail Flounder,1104,1046,1021,25,NA,NA,NA,35,23,2012,NA,ACL
Plaice,3459,3278,3223,55,NA,NA,NA,36,145,2012,NA,ACL
Witch Flounder,1563,1448,1426,22,NA,NA,NA,49,66,2012,NA,ACL
GB Winter Flounder,3575,3387,3367,20,NA,NA,NA,0,188,2012,NA,ACL
GOM Winter Flounder,1040,715,690,25,NA,NA,NA,272,54,2012,NA,ACL
SNE/MA Winter Flounder,603,303,NA,303,NA,NA,NA,175,125,2012,NA,ACL
Redfish,8786,8325,8291,34,NA,NA,NA,92,369,2012,NA,ACL
White Hake,3465,3283,3257,26,NA,NA,NA,73,109,2012,NA,ACL
Pollock,14736,12612,12530,82,NA,NA,NA,754,1370,2012,NA,ACL
Northern Windowpane,163,129,NA,129,NA,NA,NA,2,33,2012,NA,ACL
Southern Windowpane,381,72,NA,72,NA,NA,NA,39,270,2012,NA,ACL
Ocean Pout,240,214,NA,214,NA,NA,NA,3,23,2012,NA,ACL
Halibut,83,36,NA,36,NA,NA,NA,43,4,2012,NA,ACL
Wolffish,77,73,NA,73,NA,NA,NA,1,3,2012,NA,ACL
GB cod,1907,1807,1776,32,NA,NA,NA,20,80,2013,NA,ACL
GOM cod,1470,1316,812,18,486,NA,NA,103,51,2013,NA,ACL
GB Haddock,27936,26196,26111,85,NA,273,NA,293,1173,2013,NA,ACL
GOM Haddock,274,261,185,2,74,3,NA,4,6,2013,NA,ACL
GB Yellowtail Flounder,208.5,154.5,152.6,1.9,NA,NA,41.5,NA,4.3,2013,4,ACL
SNE Yellowtail Flounder,665,585.7,487.5,98.2,NA,NA,43.6,7,28,2013,NA,ACL
CC/GOM Yellowtail Flounder,523,479,466,13,NA,NA,NA,33,11,2013,NA,ACL
Plaice,1482,1420,1395,25,NA,NA,NA,31,31,2013,NA,ACL
Witch Flounder,751,610,599,11,NA,NA,NA,23,117,2013,NA,ACL
GB Winter Flounder,3641,3528,3506,22,NA,NA,NA,NA,113,2013,NA,ACL
GOM Winter Flounder,1040,715,688,26,NA,NA,NA,272,54,2013,NA,ACL
SNE/MA Winter Flounder,1612,1210,1074,136,NA,NA,NA,235,168,2013,NA,ACL
Redfish,10462,10132,10092,40,NA,NA,NA,110,220,2013,NA,ACL
White Hake,3974,3849,3822,27,NA,NA,NA,42,84,2013,NA,ACL
Pollock,14921,12893,12802,91,NA,NA,NA,936,1092,2013,NA,ACL
Northern Windowpane,144,98,NA,98,NA,NA,NA,2,44,2013,NA,ACL
Southern Windowpane,527,102,NA,102,NA,NA,183,55,186,2013,NA,ACL
Ocean Pout,220,197,NA,197,NA,NA,NA,2,21,2013,NA,ACL
Halibut,96,52,NA,52,NA,NA,NA,40,5,2013,NA,ACL
Wolffish,65,62,NA,62,NA,NA,NA,1,3,2013,NA,ACL
GB cod,1867,1769,1736,33,NA,NA,NA,20,78,2014,NA,ACL
GOM cod,1470,1316,811,19,486,NA,NA,103,51,2014,NA,ACL
GB Haddock,18312,17171,17052,119,NA,162,NA,192,769,2014,NA,ACL
GOM Haddock,641,609,432,4,173,6,NA,10,15,2014,NA,ACL
GB Yellowtail Flounder,318.1,254.5,250.6,3.9,NA,NA,50.9,NA,6.6,2014,6.1,ACL
SNE Yellowtail Flounder,665,564,462,102,NA,NA,66,7,28,2014,NA,ACL
CC/GOM Yellowtail Flounder,523,479,463,16,NA,NA,NA,33,11,2014,NA,ACL
Plaice,1442,1382,1356,26,NA,NA,NA,30,30,2014,NA,ACL
Witch Flounder,751,610,598,12,NA,NA,NA,23,117,2014,NA,ACL
GB Winter Flounder,3493,3385,3356,29,NA,NA,NA,NA,108,2014,NA,ACL
GOM Winter Flounder,1040,715,683,32,NA,NA,NA,272,54,2014,NA,ACL
SNE/MA Winter Flounder,1612,1210,1063,147,NA,NA,NA,235,168,2014,NA,ACL
Redfish,10909,10565,10521,44,NA,NA,NA,115,229,2014,NA,ACL
White Hake,4417,4278,4248,30,NA,NA,NA,46,93,2014,NA,ACL
Pollock,15304,13224,13139,85,NA,NA,NA,960,1120,2014,NA,ACL
Northern Windowpane,144,98,NA,98,NA,NA,NA,2,44,2014,NA,ACL
Southern Windowpane,527,102,NA,102,NA,NA,183,55,186,2014,NA,ACL
Ocean Pout,220,197,NA,197,NA,NA,NA,2,21,2014,NA,ACL
Halibut,106,57,NA,57,NA,NA,NA,44,5,2014,NA,ACL
Wolffish,65,62,NA,62,NA,NA,NA,1,3,2014,NA,ACL
GB Cod,1886,1787,1748,37,NA,NA,NA,20,79,2015,NA,ACL
GOM Cod,366,328,201,6,121,NA,NA,26,13,2015,NA,ACL
GB Haddock,23204,21759,21566,193,NA,227,NA,244,975,2015,NA,ACL
GOM Haddock,1375,1330,946,12,372,14,NA,11,21,2015,NA,ACL
GB Yellowtail Flounder,240,202.9,199,3.9,NA,NA,30.1,NA,2,2015,5,ACL
SNE Yellowtail Flounder,666,579,460,119,NA,NA,44,14,28,2015,NA,ACL
CC/GOM Yellowtail Flounder,524,458,437,21,NA,NA,NA,38,27,2015,NA,ACL
Plaice,1470,1408,1381,27,NA,NA,NA,31,31,2015,NA,ACL
Witch Flounder,751,610,596,14,NA,NA,NA,23,117,2015,NA,ACL
GB Winter Flounder,1952,1891,1873,18,NA,NA,NA,NA,60,2015,NA,ACL
GOM Winter Flounder,489,392,371,21,NA,NA,NA,87,10,2015,NA,ACL
SNE/MA Winter Flounder,1607,1306,1147,159,NA,NA,NA,117,184,2015,NA,ACL
Redfish,11393,11034,10970,64,NA,NA,NA,120,239,2015,NA,ACL
White Hake,4484,4343,4311,32,NA,NA,NA,47,94,2015,NA,ACL
Pollock,15878,13720,13634,86,NA,NA,NA,996,1162,2015,NA,ACL
Northern Windowpane,144,98,NA,98,NA,NA,NA,2,44,2015,NA,ACL
Southern Windowpane,527,102,NA,102,NA,NA,183,55,186,2015,NA,ACL
Ocean Pout,220,195,NA,195,NA,NA,NA,2,24,2015,NA,ACL
Halibut,97,64,NA,64,NA,NA,NA,30,3,2015,NA,ACL
Wolffish,65,62,NA,62,NA,NA,NA,1,3,2015,NA,ACL
GB Cod,730,608,597,11,NA,NA,NA,23,99,2016,NA,ACL
GOM Cod,473,437,271,9,157,NA,NA,27,10,2016,NA,ACL
GB Haddock,53309,51667,51328,339,NA,512,NA,561,561,2016,NA,ACL
GOM Haddock,3430,3344,2390,26,928,34,NA,26,26,2016,NA,ACL
GB Yellowtail Flounder,261,250.8,247.1,3.7,NA,NA,2.2,NA,3,2016,5,ACL
SNE Yellowtail Flounder,256,204,169,35,NA,NA,17,5,29,2016,NA,ACL
CC/GOM Yellowtail Flounder,409,341,327,14,NA,NA,NA,43,26,2016,NA,ACL
Plaice,1235,1183,1163,20,NA,NA,NA,26,26,2016,NA,ACL
Witch Flounder,441,370,362,8,NA,NA,NA,12,59,2016,NA,ACL
GB Winter Flounder,650,590,585,5,NA,NA,NA,NA,60,2016,NA,ACL
GOM Winter Flounder,776,639,607,32,NA,NA,NA,122,16,2016,NA,ACL
SNE/MA Winter Flounder,749,585,523,62,NA,NA,NA,70,94,2016,NA,ACL
Redfish,9837,9526,9474,52,NA,NA,NA,103,207,2016,NA,ACL
White Hake,3572,3459,3433,26,NA,NA,NA,38,75,2016,NA,ACL
Pollock,20374,17817,17704,113,NA,NA,NA,1279,1279,2016,NA,ACL
Northern Windowpane,177,66,NA,66,NA,NA,NA,2,109,2016,NA,ACL
Southern Windowpane,599,104,NA,104,NA,NA,209,37,249,2016,NA,ACL
Ocean Pout,155,137,NA,137,NA,NA,NA,2,17,2016,NA,ACL
Halibut,119,91,NA,91,NA,NA,NA,25,4,2016,NA,ACL
Wolffish,77,72,NA,72,NA,NA,NA,1,3,2016,NA,ACL
GB Cod,637,531,521,7,NA,NA,NA,20,86,2017,NA,ACL
GOM Cod,473,437,271,9,157,NA,NA,27,10,2017,NA,ACL
GB Haddock,54568,52620,52253,367,NA,801,NA,574,574,2017,NA,ACL
GOM Haddock,4285,4177,2985,33,1160,42,NA,33,33,2017,NA,ACL
GB Yellowtail Flounder,201,163,160,2,NA,NA,32,NA,2.1,2017,4,ACL
SNE Yellowtail Flounder,256,217,176,42,NA,NA,4,5,29,2017,NA,ACL
CC/GOM Yellowtail Flounder,409,341,326,15,NA,NA,NA,43,26,2017,NA,ACL
Plaice,1272,1218,1196,23,NA,NA,NA,27,27,2017,NA,ACL
Witch Flounder,839,734,718,16,NA,NA,NA,35,70,2017,NA,ACL
GB Winter Flounder,683,620,615,5,NA,NA,NA,NA,63,2017,NA,ACL
GOM Winter Flounder,776,639,607,32,NA,NA,NA,122,16,2017,NA,ACL
SNE/MA Winter Flounder,749,585,515,70,NA,NA,NA,70,94,2017,NA,ACL
Redfish,10514,10183,10126,56,NA,NA,NA,111,221,2017,NA,ACL
White Hake,3467,3358,3331,27,NA,NA,NA,36,73,2017,NA,ACL
Pollock,20374,17817,17704,113,NA,NA,NA,1279,1279,2017,NA,ACL
Northern Windowpane,170,129,NA,129,NA,NA,36,2,4,2017,NA,ACL
Southern Windowpane,599,104,NA,104,NA,NA,209,37,249,2017,NA,ACL
Ocean Pout,155,130,NA,130,NA,NA,NA,2,23,2017,NA,ACL
Halibut,119,91,NA,91,NA,NA,NA,25,4,2017,NA,ACL
Wolffish,77,72,NA,72,NA,NA,NA,1,3,2017,NA,ACL
GB cod,83.7,82.5,83.2,65.6,NA,NA,NA,73,112.8,2010,NA,CtoACL
GOM cod,71,75.9,83.6,94.2,61.9,NA,NA,33.6,20.4,2010,NA,CtoACL
GB Haddock,20,20.6,20.5,36.3,NA,82.3,NA,0.3,7.3,2010,NA,CtoACL
GOM Haddock,65.5,67.4,46.4,27.4,122.3,25.5,NA,94.6,4.4,2010,NA,CtoACL
GB Yellowtail Flounder,79.3,92.1,92,93.1,NA,NA,12.1,NA,66.2,2010,NA,CtoACL
SNE Yellowtail Flounder,67,55.4,64.9,25.9,NA,NA,83.7,134.4,115.5,2010,NA,CtoACL
CC/GOM Yellowtail Flounder,81.7,76.6,76.8,73.8,NA,NA,NA,368.6,118.7,2010,NA,CtoACL
Plaice,53.5,53.9,54.7,32.8,NA,NA,NA,78.3,36.7,2010,NA,CtoACL
Witch Flounder,92.6,85.1,84.1,119.9,NA,NA,NA,261.2,220.2,2010,NA,CtoACL
GB Winter Flounder,78.3,75.1,75.8,30.3,NA,NA,NA,NA,136,2010,NA,CtoACL
GOM Winter Flounder,83.8,67.2,60.7,101.6,NA,NA,NA,107.1,192.9,2010,NA,CtoACL
SNE/MA Winter Flounder,61.2,9.1,NA,NA,NA,NA,NA,341.4,443.1,2010,NA,CtoACL
Redfish,30,31.4,31.7,8.8,NA,NA,NA,13.9,1.7,2010,NA,CtoACL
White Hake,86.9,88.4,88.4,86.6,NA,NA,NA,90.2,52.8,2010,NA,CtoACL
Pollock,39.8,33.8,33.7,40.3,NA,NA,NA,89.2,73.3,2010,NA,CtoACL
Northern Windowpane,101,139.5,NA,NA,NA,NA,NA,0.4,18.6,2010,NA,CtoACL
Southern Windowpane,237.7,47.8,NA,NA,NA,NA,NA,1550.1,623.6,2010,NA,CtoACL
Ocean Pout,40.5,27.3,NA,NA,NA,NA,NA,1.1,337.4,2010,NA,CtoACL
Halibut,52.5,92.8,NA,NA,NA,NA,NA,18.2,45.9,2010,NA,CtoACL
Wolffish,29.2,30.7,NA,NA,NA,NA,NA,2.7,2.7,2010,NA,CtoACL
GB cod,68,68.8,68.9,66.1,NA,NA,NA,81.1,47.2,2011,NA,CtoACL
GOM cod,69.2,74.1,83.4,89.9,58.1,NA,NA,36.3,9.6,2011,NA,CtoACL
GB Haddock,1.3,NA,0,6.3,NA,32,NA,1.1,22.3,2011,NA,CtoACL
GOM Haddock,57.7,59.4,52.6,24.3,77.4,1.7,NA,54.6,24.1,2011,NA,CtoACL
GB Yellowtail Flounder,78.9,86.7,88.1,10.1,NA,NA,41.8,NA,59.1,2011,NA,CtoACL
SNE Yellowtail Flounder,76.7,67.3,84.3,10.2,NA,NA,135.2,15.6,98.9,2011,NA,CtoACL
CC/GOM Yellowtail Flounder,78.9,78.3,79.4,42.1,NA,NA,NA,384.8,19.3,2011,NA,CtoACL
Plaice,42.3,43.8,44.7,6.4,NA,NA,NA,35.5,9.1,2011,NA,CtoACL
Witch Flounder,84.8,74.1,75.3,16.8,NA,NA,NA,161,302.5,2011,NA,CtoACL
GB Winter Flounder,85.1,86.9,87.4,8.2,NA,NA,NA,NA,53.5,2011,NA,CtoACL
GOM Winter Flounder,52.4,45,46.5,16.5,NA,NA,NA,69.5,41.3,2011,NA,CtoACL
SNE/MA Winter Flounder,35.5,12.9,NA,NA,NA,NA,NA,55.6,366.4,2011,NA,CtoACL
Redfish,25.7,26.9,27,9.9,NA,NA,NA,4.3,3.1,2011,NA,CtoACL
White Hake,88.9,93.5,93.9,50.4,NA,NA,NA,7.9,3.3,2011,NA,CtoACL
Pollock,46.1,43,42.8,66.6,NA,NA,NA,90.3,52.4,2011,NA,CtoACL
Northern Windowpane,118.8,142.2,NA,NA,NA,NA,NA,0.5,71,2011,NA,CtoACL
Southern Windowpane,224,72.4,NA,NA,NA,NA,NA,829.1,544.9,2011,NA,CtoACL
Ocean Pout,35.7,25.4,NA,NA,NA,NA,NA,0,268.5,2011,NA,CtoACL
Halibut,68.6,129.1,NA,NA,NA,NA,NA,18.1,61.6,2011,NA,CtoACL
Wolffish,42.8,45.1,NA,NA,NA,NA,NA,0,2.4,2011,NA,CtoACL
GB cod,26.9,26.1,26,35.4,NA,NA,NA,42.2,39.7,2012,NA,CtoACL
GOM cod,58.3,60.4,47.4,37.3,74.2,NA,NA,17.6,6.9,2012,NA,CtoACL
GB Haddock,1.1,0,NA,0.6,NA,100.9,NA,4.6,2,2012,NA,CtoACL
GOM Haddock,47.3,49.3,25.9,18.6,108.4,0.6,NA,11.1,7.1,2012,NA,CtoACL
GB Yellowtail Flounder,70.3,58.5,59.1,6.1,NA,NA,104.5,NA,23.9,2012,NA,CtoACL
SNE Yellowtail Flounder,59.3,55.8,63.7,24.4,NA,NA,42.5,120.2,161.5,2012,NA,CtoACL
CC/GOM Yellowtail Flounder,83.5,82.9,84.7,13,NA,NA,NA,96.4,91,2012,NA,CtoACL
Plaice,38.8,39.7,40.3,6.1,NA,NA,NA,42.5,15.7,2012,NA,CtoACL
Witch Flounder,67.4,59.6,60.3,10.5,NA,NA,NA,57.5,246.2,2012,NA,CtoACL
GB Winter Flounder,53.4,52.6,52.9,3.9,NA,NA,NA,NA,67,2012,NA,CtoACL
GOM Winter Flounder,28.1,32,32.9,7.8,NA,NA,NA,22.1,4.9,2012,NA,CtoACL
SNE/MA Winter Flounder,52.4,35,NA,NA,NA,NA,NA,33.7,120.8,2012,NA,CtoACL
Redfish,42.1,44.2,44.3,16.6,NA,NA,NA,14.5,0.8,2012,NA,CtoACL
White Hake,67.2,70.5,70.3,91.6,NA,NA,NA,3.8,11,2012,NA,CtoACL
Pollock,45.5,40.3,40,82.7,NA,NA,NA,70.6,80.1,2012,NA,CtoACL
Northern Windowpane,128.2,100.5,NA,NA,NA,NA,NA,115.9,233.2,2012,NA,CtoACL
Southern Windowpane,136.7,147.9,NA,NA,NA,NA,NA,88.3,140.7,2012,NA,CtoACL
Ocean Pout,22.2,18.3,NA,NA,NA,NA,NA,38.5,56.3,2012,NA,CtoACL
Halibut,91.2,168.7,NA,NA,NA,NA,NA,30.8,42.2,2012,NA,CtoACL
Wolffish,42,41.3,NA,NA,NA,NA,NA,99.2,40.6,2012,NA,CtoACL
GB Cod,84.8,87,86.8,101,NA,NA,NA,46,42.8,2013,NA,CtoACL
GOM cod,96.5,104.9,90.2,48.9,131.5,NA,NA,34.7,5.7,2013,NA,CtoACL
GB Haddock,11.9,11.4,11.4,0.5,NA,106.2,NA,2.1,4.8,2013,NA,CtoACL
GOM Haddock,147.9,154.4,91.2,108.9,312.2,NA,NA,30.4,25.3,2013,NA,CtoACL
GB Yellowtail Flounder,44.7,36.1,36.5,0.4,NA,NA,90.3,NA,0.6,2013,63.7,CtoACL
SNE Yellowtail Flounder,70.1,63.7,57.8,93.1,NA,NA,111.4,206.5,106.3,2013,NA,CtoACL
CC/GOM Yellowtail Flounder,86.7,79.4,80.9,31.5,NA,NA,NA,130.2,271.3,2013,NA,CtoACL
Plaice,97.5,98.3,99.8,14.3,NA,NA,NA,63,95.7,2013,NA,CtoACL
Witch Flounder,99.2,105.3,106.6,30.6,NA,NA,NA,115.5,64.5,2013,NA,CtoACL
GB Winter Flounder,48.4,48.8,49.1,0,NA,NA,NA,NA,36.5,2013,NA,CtoACL
GOM Winter Flounder,23.6,23.7,24.4,6.6,NA,NA,NA,24.8,16.5,2013,NA,CtoACL
SNE/MA Winter Flounder,63.6,65.2,62.4,87,NA,NA,NA,23.7,108.1,2013,NA,CtoACL
Redfish,38.5,39.5,39.6,10.9,NA,NA,NA,17.3,1.8,2013,NA,CtoACL
White Hake,51.7,53.1,53.4,21.6,NA,NA,NA,5.5,9.9,2013,NA,CtoACL
Pollock,47.1,38.1,38.1,40.2,NA,NA,NA,104.9,103.7,2013,NA,CtoACL
Northern Windowpane,195,242.4,NA,NA,NA,NA,NA,62.2,95,2013,NA,CtoACL
Southern Windowpane,105.3,113.7,NA,NA,NA,NA,70.5,67.9,146.4,2013,NA,CtoACL
Ocean Pout,26.9,16.9,NA,NA,NA,NA,NA,62.6,116.4,2013,NA,CtoACL
Halibut,82.1,105.2,NA,NA,NA,NA,NA,57.5,31,2013,NA,CtoACL
Wolffish,29.3,27.6,NA,NA,NA,NA,NA,185,26.3,2013,NA,CtoACL
GB Cod,81.1,78.4,78.6,65.8,NA,NA,NA,99.5,138.5,2014,NA,CtoACL
GOM cod,94.9,97.8,80.5,57.1,128.3,NA,NA,37.1,136.5,2014,NA,CtoACL
GB Haddock,34.8,31.7,32,0.7,NA,70.1,NA,4.2,103.1,2014,NA,CtoACL
GOM Haddock,159,161.5,75,21.6,380.7,NA,NA,47.9,207.7,2014,NA,CtoACL
GB Yellowtail Flounder,38.6,24.5,24.9,1.4,NA,NA,116.4,NA,0.2,2014,18.1,CtoACL
SNE Yellowtail Flounder,74.7,71,67.7,85.7,NA,NA,98.2,8.9,111.7,2014,NA,CtoACL
CC/GOM Yellowtail Flounder,64.1,52.3,53.9,6.3,NA,NA,NA,139.2,354.6,2014,NA,CtoACL
Plaice,93.1,94.1,95.3,31.3,NA,NA,NA,57.9,78.6,2014,NA,CtoACL
Witch Flounder,83.1,84.5,86,9.6,NA,NA,NA,162.8,60,2014,NA,CtoACL
GB Winter Flounder,34.2,34,34.2,0.1,NA,NA,NA,NA,40.6,2014,NA,CtoACL
GOM Winter Flounder,23.1,17.4,18.1,1.9,NA,NA,NA,41.7,6,2014,NA,CtoACL
SNE/MA Winter Flounder,43.6,45.1,46.1,37.9,NA,NA,NA,30.3,51.5,2014,NA,CtoACL
Redfish,43.5,44.4,44.5,11.4,NA,NA,NA,15.8,19,2014,NA,CtoACL
White Hake,46.6,40.9,41,28.6,NA,NA,NA,3.3,331.7,2014,NA,CtoACL
Pollock,31.1,30.4,30.2,52.6,NA,NA,NA,56.6,17.4,2014,NA,CtoACL
Northern Windowpane,187.5,160.9,NA,NA,NA,NA,NA,180.5,248.6,2014,NA,CtoACL
Southern Windowpane,90.8,94.4,NA,NA,NA,NA,76.5,42.7,117.1,2014,NA,CtoACL
Ocean Pout,54.6,16.8,NA,NA,NA,NA,NA,163.9,393.5,2014,NA,CtoACL
Halibut,74.2,83.9,NA,NA,NA,NA,NA,65.9,38.8,2014,NA,CtoACL
Wolffish,23.1,23,NA,NA,NA,NA,NA,97.9,5.9,2014,NA,CtoACL
GB Cod,97.3,91.6,91.6,95.8,NA,NA,NA,230,193.2,2015,NA,CtoACL
GOM Cod,88.8,82.6,90.2,86.3,69.8,NA,NA,181.2,58.8,2015,NA,CtoACL
GB Haddock,25.9,23.3,23.5,0.1,NA,103.9,NA,10.3,68.6,2015,NA,CtoACL
GOM Haddock,82.9,83.6,76.8,24.8,102.7,NA,NA,38.2,116.8,2015,NA,CtoACL
GB Yellowtail Flounder,28.4,18.9,19.3,0.2,NA,NA,98.8,NA,0.1,2015,1,CtoACL
SNE Yellowtail Flounder,49,48.9,37.9,91.7,NA,NA,79.1,15.4,22.5,2015,NA,CtoACL
CC/GOM Yellowtail Flounder,88.9,84.1,85,64,NA,NA,NA,137.1,101.9,2015,NA,CtoACL
Plaice,96.9,98,98.9,51.5,NA,NA,NA,75.5,70.6,2015,NA,CtoACL
Witch Flounder,85.1,88,87.8,98.7,NA,NA,NA,171.2,53,2015,NA,CtoACL
GB Winter Flounder,45.4,45.9,46.4,0,NA,NA,NA,NA,29.3,2015,NA,CtoACL
GOM Winter Flounder,42.1,30.9,31.7,16.3,NA,NA,NA,92,49.1,2015,NA,CtoACL
SNE/MA Winter Flounder,55.2,52.7,50.9,65.6,NA,NA,NA,72.6,61.6,2015,NA,CtoACL
Redfish,46.4,47.9,48.2,0.5,NA,NA,NA,3.6,1.2,2015,NA,CtoACL
White Hake,35.8,36.8,37.1,0.8,NA,NA,NA,1.5,7.2,2015,NA,CtoACL
Pollock,25.2,21.3,21.1,54.4,NA,NA,NA,44.3,54.2,2015,NA,CtoACL
Northern Windowpane,131.8,75.1,NA,NA,NA,NA,NA,84.1,262.3,2015,NA,CtoACL
Southern Windowpane,122.1,134.9,NA,NA,NA,NA,115.1,71.3,137.5,2015,NA,CtoACL
Ocean Pout,34.7,26.8,NA,NA,NA,NA,NA,74.3,94.7,2015,NA,CtoACL
Halibut,105.2,92.2,NA,NA,NA,NA,NA,137.1,63.1,2015,NA,CtoACL
Wolffish,30.4,30.1,NA,NA,NA,NA,NA,99.3,12.6,2015,NA,CtoACL
GB Cod,155.1,98.1,97.6,124.8,NA,NA,NA,337.1,462.6,2016,NA,CtoACL
GOM Cod,134,125.3,96,68.8,178.9,NA,NA,286.3,89.9,2016,NA,CtoACL
GB Haddock,9,8.5,8.6,0.3,NA,23.2,NA,2.5,47.5,2016,NA,CtoACL
GOM Haddock,75.3,74,65.9,40.4,95.6,5.7,NA,35.5,379,2016,NA,CtoACL
GB Yellowtail Flounder,11.8,9.5,9.7,NA,NA,NA,93.8,NA,0,2016,95.2,CtoACL
SNE Yellowtail Flounder,33.1,30.6,26.3,51.3,NA,NA,63.9,13.2,37.3,2016,NA,CtoACL
CC/GOM Yellowtail Flounder,88.1,76.5,76.2,83.7,NA,NA,NA,118,187.3,2016,NA,CtoACL
Plaice,97.9,96.3,96.5,86.6,NA,NA,NA,138.3,129.5,2016,NA,CtoACL
Witch Flounder,104.4,97,97,94.2,NA,NA,NA,385.4,93.6,2016,NA,CtoACL
GB Winter Flounder,65.7,71.6,72.2,NA,NA,NA,NA,NA,7.2,2016,NA,CtoACL
GOM Winter Flounder,31.9,17.5,18,8.4,NA,NA,NA,107.1,32,2016,NA,CtoACL
SNE/MA Winter Flounder,79.7,77.5,75.8,91.6,NA,NA,NA,37.4,125.3,2016,NA,CtoACL
Redfish,41.6,42.8,43,0.9,NA,NA,NA,4.6,4.3,2016,NA,CtoACL
White Hake,41.5,42.6,42.9,2.7,NA,NA,NA,3.2,13.4,2016,NA,CtoACL
Pollock,19.6,16.8,16.7,20.9,NA,NA,NA,49.4,29.8,2016,NA,CtoACL
Northern Windowpane,47.3,68.2,NA,NA,NA,NA,NA,37.3,34.8,2016,NA,CtoACL
Southern Windowpane,69.7,121.9,NA,NA,NA,NA,40.4,75.7,71.5,2016,NA,CtoACL
Ocean Pout,27.9,12.5,NA,NA,NA,NA,NA,21.4,151.7,2016,NA,CtoACL
Halibut,90.8,62.5,NA,NA,NA,NA,NA,191.1,83.4,2016,NA,CtoACL
Wolffish,1,0.8,NA,NA,NA,NA,NA,1.9,5.8,2016,NA,CtoACL
GB Cod,82,84,84.4,92.5,NA,NA,NA,48.6,77.6,2017,NA,CtoACL
GOM Cod,129.5,117.6,96.1,89.9,156.3,NA,NA,257.2,289.1,2017,NA,CtoACL
GB Haddock,7.9,7.8,7.8,0.1,NA,6,NA,2.1,31.4,2017,NA,CtoACL
GOM Haddock,73.4,73.3,75.4,43,68.5,NA,NA,89.1,170.3,2017,NA,CtoACL
GB Yellowtail Flounder,41.8,19.1,19.4,NA,NA,NA,164.3,NA,0.1,2017,9.7,CtoACL
SNE Yellowtail Flounder,9.6,6.7,6,9.5,NA,NA,104.1,22.3,15.9,2017,NA,CtoACL
CC/GOM Yellowtail Flounder,76.2,60.4,60.3,62.6,NA,NA,NA,167.2,130.4,2017,NA,CtoACL
Plaice,89.1,88.5,89.4,41.1,NA,NA,NA,135.5,66.5,2017,NA,CtoACL
Witch Flounder,70.5,67.4,67.8,49.9,NA,NA,NA,142.1,66.8,2017,NA,CtoACL
GB Winter Flounder,57.2,60.9,61.4,NA,NA,NA,NA,NA,21.1,2017,NA,CtoACL
GOM Winter Flounder,39.7,17.8,18.3,8.9,NA,NA,NA,151.9,56.3,2017,NA,CtoACL
SNE/MA Winter Flounder,73.5,69.9,72.2,53,NA,NA,NA,33.2,125.5,2017,NA,CtoACL
Redfish,44.3,45.6,45.9,1.9,NA,NA,NA,3.7,4.5,2017,NA,CtoACL
White Hake,58.7,60.3,60.7,2,NA,NA,NA,3.4,15.1,2017,NA,CtoACL
Pollock,21.7,16.9,16.9,16.3,NA,NA,NA,49.7,60.8,2017,NA,CtoACL
Northern Windowpane,51.4,27.2,NA,NA,NA,NA,122.4,27.4,192.9,2017,NA,CtoACL
Southern Windowpane,73.6,68.7,NA,NA,NA,NA,68.8,66.3,80.7,2017,NA,CtoACL
Ocean Pout,18.2,8.6,NA,NA,NA,NA,NA,16.3,72.8,2017,NA,CtoACL
Halibut,90.3,75.1,NA,NA,NA,NA,NA,126.6,186.3,2017,NA,CtoACL
Wolffish,2.2,2.2,NA,NA,NA,NA,NA,5.2,1,2017,NA,CtoACL
GB cod,2881.6,2693.2,2627.7,65.5,NA,NA,NA,27.7,160.6,2010,NA,Landing
GOM cod,5625.6,5386.4,3537.1,195.2,1654,NA,NA,190.3,49,2010,NA,Landing
GB Haddock,8430.8,8299.2,8207.4,91.8,NA,69.2,NA,1.6,60.9,2010,NA,Landing
GOM Haddock,781.2,771.1,367.8,6.9,396.3,0.5,NA,8.5,1.2,2010,NA,Landing
GB Yellowtail Flounder,681.6,680.1,672.3,7.8,NA,NA,0.2,0,1.2,2010,NA,Landing
SNE Yellowtail Flounder,174.8,162.5,147.8,14.7,NA,NA,2.7,6.7,2.8,2010,NA,Landing
CC/GOM Yellowtail Flounder,552.9,518.3,500.1,18.2,NA,NA,NA,33.2,1.4,2010,NA,Landing
Plaice,1383.4,1354.2,1331.9,22.3,NA,NA,NA,25.1,4.1,2010,NA,Landing
Witch Flounder,689.3,664.1,638.2,26,NA,NA,NA,23.5,1.7,2010,NA,Landing
GB Winter Flounder,1371.1,1370.5,1364.6,5.9,NA,NA,NA,0,0.7,2010,NA,Landing
GOM Winter Flounder,163.6,101.3,79.1,22.2,NA,NA,NA,61.9,0.3,2010,NA,Landing
SNE/MA Winter Flounder,161.9,10.6,7.9,2.6,NA,NA,NA,144.2,7.2,2010,NA,Landing
Redfish,2009.3,1998.2,1991.6,6.6,NA,NA,NA,10.5,0.6,2010,NA,Landing
White Hake,2296.3,2223.9,2184.1,39.8,NA,NA,NA,25.3,47.2,2010,NA,Landing
Pollock,7443.5,5515.5,5371.5,143.9,NA,NA,NA,1059.8,868.3,2010,NA,Landing
Northern Windowpane,0.4,0.3,0.3,0,NA,NA,NA,0,0.1,2010,NA,Landing
Southern Windowpane,46.6,7.6,0.1,7.5,NA,NA,NA,31,8,2010,NA,Landing
Ocean Pout,1,0.5,0.1,0.5,NA,NA,NA,0,0.5,2010,NA,Landing
Halibut,14.9,8,6.1,1.9,NA,NA,NA,6.6,0.4,2010,NA,Landing
Wolffish,0.3,0.2,0.2,0,NA,NA,NA,0,0,2010,NA,Landing
GB cod,3250.5,3129.1,3071,58.1,NA,NA,NA,38.9,82.5,2011,NA,Landing
GOM cod,6158.2,5932.7,4222.6,69.8,1640.3,NA,NA,216.4,9.1,2011,NA,Landing
GB Haddock,3883.1,3758.5,3746.8,11.7,NA,101.8,NA,3.9,19,2011,NA,Landing
GOM Haddock,721.9,716.6,476.2,1.9,238.5,0.2,NA,4.9,0.3,2011,NA,Landing
GB Yellowtail Flounder,951,940.9,939.1,1.8,NA,NA,10.2,0,0,2011,NA,Landing
SNE/MA Yellowtail Flounder,365.6,356.7,345.3,11.5,NA,NA,1,1.1,6.8,2011,NA,Landing
CC/GOM Yellowtail Flounder,761.3,720.1,711.5,8.6,NA,NA,NA,38.5,2.7,2011,NA,Landing
Plaice,1453.8,1439.8,1435.9,3.9,NA,NA,NA,12.1,1.9,2011,NA,Landing
Witch Flounder,958.9,934.8,930.9,3.9,NA,NA,NA,22.5,1.6,2011,NA,Landing
GB Winter Flounder,1913.2,1912.1,1911,1.1,NA,NA,NA,0,1,2011,NA,Landing
GOM Winter Flounder,241.4,155.7,153.1,2.6,NA,NA,NA,76.9,8.8,2011,NA,Landing
SNE/MA Winter Flounder,61.3,3.6,3.3,0.3,NA,NA,NA,32.1,25.5,2011,NA,Landing
Redfish,2526,2522.2,2518.8,3.4,NA,NA,NA,3.6,0.2,2011,NA,Landing
White Hake,2999,2994.9,2981.8,13.1,NA,NA,NA,2.6,1.5,2011,NA,Landing
Pollock,8947.6,7499.2,7433.7,65.5,NA,NA,NA,694,754.3,2011,NA,Landing
Northern Windowpane,0.4,0,0,0,NA,NA,NA,0,0.4,2011,NA,Landing
Southern Windowpane,41.8,2.3,0.2,2.2,NA,NA,NA,16.6,22.9,2011,NA,Landing
Ocean Pout,0.1,0,0,0,NA,NA,NA,0,0.1,2011,NA,Landing
Halibut,19,11.4,10.3,1,NA,NA,NA,7.1,0.6,2011,NA,Landing
Wolffish,0.1,0,0,0,NA,NA,NA,0,0.1,2011,NA,Landing
GB cod,1578.8,1488.6,1461.2,27.5,NA,NA,NA,18.1,72.2,2012,NA,Landing
GOM cod,2761.9,2718.5,2058.9,24.9,634.6,NA,NA,42.7,0.8,2012,NA,Landing
GB Haddock,1211.3,926.8,926.5,0.3,NA,271.9,NA,9.2,3.4,2012,NA,Landing
GOM Haddock,494.6,493.3,211.7,0.9,280.7,0.1,NA,1.1,0,2012,NA,Landing
GB Yellowtail Flounder,227.5,202.4,202.3,0.1,NA,NA,25.1,0,0,2012,NA,Landing
SNE/MA Yellowtail Flounder,435.6,419,383.8,35.2,NA,NA,2.4,6.8,7.5,2012,NA,Landing
CC/GOM Yellowtail Flounder,877.9,845,842.9,2,NA,NA,NA,31.9,1,2012,NA,Landing
Plaice,1376.5,1367.5,1364.8,2.6,NA,NA,NA,8.2,0.9,2012,NA,Landing
Witch Flounder,946.3,917.4,915.4,2,NA,NA,NA,26.3,2.5,2012,NA,Landing
GB Winter Flounder,1932.5,1927.2,1926.4,0.7,NA,NA,NA,0,5.4,2012,NA,Landing
GOM Winter Flounder,310.5,251.4,249.5,1.9,NA,NA,NA,58.7,0.4,2012,NA,Landing
SNE/MA Winter Flounder,69.1,0.7,0.6,0.1,NA,NA,NA,55,13.4,2012,NA,Landing
Redfish,4113,4108.4,4103.3,5,NA,NA,NA,3.8,0.8,2012,NA,Landing
White Hake,2436.5,2432.4,2413.9,18.5,NA,NA,NA,1.6,2.5,2012,NA,Landing
Pollock,6967.5,6360,6296.5,63.5,NA,NA,NA,100.6,506.9,2012,NA,Landing
Northern Windowpane,1.5,0,0,0,NA,NA,NA,1.5,0,2012,NA,Landing
Southern Windowpane,31,0.4,0,0.3,NA,NA,NA,21.7,8.9,2012,NA,Landing
Ocean Pout,0.1,0,0,0,NA,NA,NA,0,0.1,2012,NA,Landing
Halibut,28.8,15.5,12.2,3.3,NA,NA,NA,11.9,1.4,2012,NA,Landing
Wolffish,0,0,0,0,NA,NA,NA,0,0,2012,NA,Landing
GB Cod,1554,1525.2,1494,31.3,NA,NA,NA,6,22.7,2013,NA,Landing
GOM cod,1294.7,1261.4,712.3,8.5,540.6,NA,NA,33.2,0.2,2013,NA,Landing
GB Haddock,2969.9,2696.4,2696,0.4,NA,272.7,NA,0.2,0.5,2013,NA,Landing
GOM Haddock,382.6,382,148.3,2.2,231.5,0,NA,0.6,0,2013,NA,Landing
GB Yellowtail Flounder,49.7,46.2,46.2,0,NA,NA,3.6,0,0,2013,0,Landing
SNE/MA Yellowtail Flounder,376.5,361.5,271,90.5,NA,NA,1.5,8.3,5.3,2013,NA,Landing
CC/GOM Yellowtail Flounder,406,362.8,359.7,3.1,NA,NA,NA,40.8,2.4,2013,NA,Landing
Plaice,1301.5,1290.3,1287.1,3.1,NA,NA,NA,10.4,0.8,2013,NA,Landing
Witch Flounder,629.4,602.5,599.6,2.9,NA,NA,NA,24.7,2.2,2013,NA,Landing
GB Winter Flounder,1717.5,1716.8,1716.8,0,NA,NA,NA,0,0.7,2013,NA,Landing
GOM Winter Flounder,232.3,164.8,163.1,1.7,NA,NA,NA,65.3,2.2,2013,NA,Landing
SNE/MA Winter Flounder,853.8,776.9,663.5,113.4,NA,NA,NA,47.7,29.2,2013,NA,Landing
Redfish,3621.1,3614,3610.6,3.4,NA,NA,NA,6.5,0.6,2013,NA,Landing
White Hake,2023.9,2021.8,2016.6,5.2,NA,NA,NA,0.8,1.3,2013,NA,Landing
Pollock,5517.2,4808.9,4773,35.8,NA,NA,NA,258.2,450.2,2013,NA,Landing
Northern Windowpane,0,0,0,0,NA,NA,NA,0,0,2013,NA,Landing
Southern Windowpane,22.9,0.1,0,0.1,NA,NA,0,20.8,2,2013,NA,Landing
Ocean Pout,0,0,0,0,NA,NA,NA,0,0,2013,NA,Landing
Halibut,36.1,14.3,13.4,0.8,NA,NA,NA,21.1,0.8,2013,NA,Landing
Wolffish,0,0,0,0,NA,NA,NA,0,0,2013,NA,Landing
GB Cod,1467.3,1366.2,1344.4,21.8,NA,NA,NA,19.1,82.1,2014,NA,Landing
GOM cod,1144.1,1107.2,628.2,10.8,468.2,NA,NA,36.4,0.6,2014,NA,Landing
GB Haddock,5108.1,4975.3,4974.6,0.7,NA,113.5,NA,0,19.3,2014,NA,Landing
GOM Haddock,592.2,587.8,293.9,0.8,293.1,NA,NA,2.6,1.9,2014,NA,Landing
GB Yellowtail Flounder,53.7,53.7,53.7,NA,NA,NA,NA,NA,0,2014,NA,Landing
SNE/MA Yellowtail Flounder,405.7,396.4,309.9,86.6,NA,NA,0.7,0.2,8.3,2014,NA,Landing
CC/GOM Yellowtail Flounder,280.8,234.6,233.7,0.9,NA,NA,NA,45,1.3,2014,NA,Landing
Plaice,1238.4,1222.5,1214.8,7.7,NA,NA,NA,14,2,2014,NA,Landing
Witch Flounder,510.6,473.8,472.7,1.1,NA,NA,NA,36.4,0.3,2014,NA,Landing
GB Winter Flounder,1146.7,1146.3,1146.3,NA,NA,NA,NA,NA,0.3,2014,NA,Landing
GOM Winter Flounder,231.9,119.4,118.8,0.6,NA,NA,NA,111.1,1.4,2014,NA,Landing
SNE/MA Winter Flounder,631.5,541.6,486.8,54.8,NA,NA,NA,70.4,19.5,2014,NA,Landing
Redfish,4394.6,4361.1,4358,3.1,NA,NA,NA,1.1,32.4,2014,NA,Landing
White Hake,1729.2,1724.5,1717.2,7.3,NA,NA,NA,0.3,4.4,2014,NA,Landing
Pollock,4610,3881.3,3837.9,43.3,NA,NA,NA,535.3,193.4,2014,NA,Landing
Northern Windowpane,0.1,0,0,NA,NA,NA,NA,0,0,2014,NA,Landing
Southern Windowpane,13.7,NA,NA,NA,NA,NA,NA,13.2,0.5,2014,NA,Landing
Ocean Pout,2.3,0,NA,0,NA,NA,NA,2.3,0,2014,NA,Landing
Halibut,50,21.2,19.3,1.9,NA,NA,NA,27.4,1.5,2014,NA,Landing
Wolffish,0,0,0,NA,NA,NA,NA,NA,0,2014,NA,Landing
GB Cod,1790.3,1608.5,1573.6,35,NA,NA,NA,44.9,136.8,2015,NA,Landing
GOM Cod,229.3,176.9,168.1,4.3,4.5,NA,NA,45.9,6.5,2015,NA,Landing
GB Haddock,4461.4,4217.9,4217.7,0.2,NA,235,NA,6.6,1.8,2015,NA,Landing
GOM Haddock,924.8,921.4,680.1,3,238.3,NA,NA,2.5,0.9,2015,NA,Landing
GB Yellowtail Flounder,36.5,36.5,36.5,NA,NA,NA,NA,NA,NA,2015,NA,Landing
SNE/MA Yellowtail Flounder,274.7,272.7,172.4,100.2,NA,NA,NA,1.2,0.9,2015,NA,Landing
CC/GOM Yellowtail Flounder,420.6,366.3,353.4,12.9,NA,NA,NA,52.1,2.2,2015,NA,Landing
Plaice,1318.4,1296.1,1284.9,11.2,NA,NA,NA,20.4,2,2015,NA,Landing
Witch Flounder,527.3,488.2,481.1,7.1,NA,NA,NA,38.6,0.6,2015,NA,Landing
GB Winter Flounder,865.4,864.7,864.7,NA,NA,NA,NA,NA,0.6,2015,NA,Landing
GOM Winter Flounder,197.7,119,115.6,3.4,NA,NA,NA,78.2,0.5,2015,NA,Landing
SNE/MA Winter Flounder,762.3,679.4,579.1,100.4,NA,NA,NA,77.4,5.5,2015,NA,Landing
Redfish,5184,5182.7,5182.4,0.3,NA,NA,NA,0.5,0.8,2015,NA,Landing
White Hake,1586.1,1584.7,1584.4,0.3,NA,NA,NA,0.2,1.3,2015,NA,Landing
Pollock,3207.8,2848.2,2801.1,47,NA,NA,NA,146,213.7,2015,NA,Landing
Northern Windowpane,0.3,NA,NA,NA,NA,NA,NA,0.3,NA,2015,NA,Landing
Southern Windowpane,22.7,0.2,NA,0.2,NA,NA,NA,22.1,0.5,2015,NA,Landing
Ocean Pout,0.1,0,NA,0,NA,NA,NA,NA,0.1,2015,NA,Landing
Halibut,62.2,22,21.6,0.4,NA,NA,NA,39.5,0.7,2015,NA,Landing
Wolffish,0.1,NA,NA,NA,NA,NA,NA,NA,0.1,2015,NA,Landing
GB Cod,1065.2,571.9,557.7,14.2,NA,NA,NA,68.1,425.2,2016,NA,Landing
GOM Cod,433.4,350.8,250.5,5.9,94.5,NA,NA,76.9,5.7,2016,NA,Landing
GB Haddock,3580.4,3445.7,3444.8,1,NA,115.3,NA,0.1,19.2,2016,NA,Landing
GOM Haddock,2072.7,2062.5,1492.5,9.7,560.2,1.9,NA,5.6,2.7,2016,NA,Landing
GB Yellowtail Flounder,23.4,23.4,23.4,NA,NA,NA,NA,NA,NA,2016,NA,Landing
SNE/MA Yellowtail Flounder,62.7,59.5,43.1,16.5,NA,NA,NA,0.3,2.8,2016,NA,Landing
CC/GOM Yellowtail Flounder,298.2,245.3,234.5,10.8,NA,NA,NA,50.3,2.6,2016,NA,Landing
Plaice,1086.4,1044.7,1028.9,15.9,NA,NA,NA,32.9,8.8,2016,NA,Landing
Witch Flounder,342.8,294.4,287.5,6.9,NA,NA,NA,44.3,4.1,2016,NA,Landing
GB Winter Flounder,421.8,421.3,421.3,NA,NA,NA,NA,NA,0.5,2016,NA,Landing
GOM Winter Flounder,230.4,106.9,104.2,2.7,NA,NA,NA,123.4,0.1,2016,NA,Landing
SNE/MA Winter Flounder,485.7,443.8,388.9,54.9,NA,NA,NA,24.4,17.5,2016,NA,Landing
Redfish,4035.7,4026.4,4026,0.4,NA,NA,NA,3.1,6.2,2016,NA,Landing
White Hake,1439.9,1436.8,1436.1,0.7,NA,NA,NA,0.4,2.7,2016,NA,Landing
Pollock,3305.6,2910.5,2886.9,23.6,NA,NA,NA,284.5,110.6,2016,NA,Landing
Northern Windowpane,0,0,0,NA,NA,NA,NA,0,NA,2016,NA,Landing
Southern Windowpane,13.2,NA,NA,NA,NA,NA,NA,13.2,0,2016,NA,Landing
Ocean Pout,0,NA,NA,NA,NA,NA,NA,0,0,2016,NA,Landing
Halibut,69,20.3,20.1,0.2,NA,NA,NA,46.5,2.3,2016,NA,Landing
Wolffish,0,NA,NA,NA,NA,NA,NA,NA,0,2016,NA,Landing
GB Cod,499.6,432.8,426.7,6.1,NA,NA,NA,9.2,57.6,2017,NA,Landing
GOM Cod,368.3,276.8,246.5,3.8,26.6,NA,NA,68.7,22.7,2017,NA,Landing
GB Haddock,3581,3526.3,3526.1,0.3,NA,47.9,NA,0.3,6.4,2017,NA,Landing
GOM Haddock,2740.5,2700.7,2153.5,13.6,533.7,NA,NA,25.6,14.2,2017,NA,Landing
GB Yellowtail Flounder,30.9,30.9,30.9,NA,NA,NA,NA,NA,NA,2017,NA,Landing
SNE/MA Yellowtail Flounder,14.3,13.3,9.4,3.9,NA,NA,NA,1,0,2017,NA,Landing
CC/GOM Yellowtail Flounder,261.7,187.4,179.9,7.5,NA,NA,NA,71.5,2.8,2017,NA,Landing
Plaice,1045.3,1007.6,998.7,9,NA,NA,NA,34.1,3.6,2017,NA,Landing
Witch Flounder,497.3,447.5,439.8,7.7,NA,NA,NA,48,1.8,2017,NA,Landing
GB Winter Flounder,377,376.9,376.9,NA,NA,NA,NA,NA,0.1,2017,NA,Landing
GOM Winter Flounder,296.3,110.7,107.9,2.8,NA,NA,NA,183.2,2.4,2017,NA,Landing
SNE/MA Winter Flounder,428.5,401.6,364.6,37,NA,NA,NA,22.2,4.7,2017,NA,Landing
Redfish,4628.7,4618.5,4618.4,0.1,NA,NA,NA,3,7.2,2017,NA,Landing
White Hake,2020.1,2015.7,2015.1,0.5,NA,NA,NA,1,3.5,2017,NA,Landing
Pollock,3554.8,2970.4,2951.9,18.4,NA,NA,NA,287.4,297,2017,NA,Landing
Northern Windowpane,0,0,0,NA,NA,NA,NA,0,NA,2017,NA,Landing
Southern Windowpane,13.5,0.1,0,0.1,NA,NA,NA,13.3,0.1,2017,NA,Landing
Ocean Pout,0.1,NA,NA,NA,NA,NA,NA,NA,0.1,2017,NA,Landing
Halibut,60.8,25.7,25.6,0.1,NA,NA,NA,30,5.1,2017,NA,Landing
Wolffish,0,0,0,NA,NA,NA,NA,NA,NA,2017,NA,Landing
GB cod,147.3,136.5,118,18.5,NA,NA,NA,0,10.8,2010,NA,Discard
GOM cod,119.6,110.7,79.9,30.8,NA,NA,NA,0,8.9,2010,NA,Discard
GB Haddock,111.2,41,40.6,0.5,NA,0,NA,0,70.1,2010,NA,Discard
GOM Haddock,3.4,2.9,2.7,0.2,NA,0,NA,0,0.5,2010,NA,Discard
GB Yellowtail Flounder,128.1,77.5,66.7,10.8,NA,NA,17.4,0,33.2,2010,NA,Discard
SNE Yellowtail Flounder,140,9.4,4.6,4.7,NA,NA,110.3,0,20.3,2010,NA,Discard
CC/GOM Yellowtail Flounder,118.5,78.4,59.7,18.7,NA,NA,NA,0,40.2,2010,NA,Discard
Plaice,224.3,182.3,171.8,10.5,NA,NA,NA,0,42.1,2010,NA,Discard
Witch Flounder,143.2,61.2,57.2,4,NA,NA,NA,0,82,2010,NA,Discard
GB Winter Flounder,160.2,20.8,17.9,2.9,NA,NA,NA,0,139.4,2010,NA,Discard
GOM Winter Flounder,29.9,4.8,1.6,3.2,NA,NA,NA,2.3,22.8,2010,NA,Discard
SNE/MA Winter Flounder,208.3,36.8,34.3,2.5,NA,NA,NA,36.8,134.6,2010,NA,Discard
Redfish,157.6,153,151.8,1.3,NA,NA,NA,0,4.6,2010,NA,Discard
White Hake,48.3,35.9,31.5,4.4,NA,NA,NA,0,12.4,2010,NA,Discard
Pollock,88.4,85.6,78.3,7.3,NA,NA,NA,0,2.8,2010,NA,Discard
Northern Windowpane,162.3,153.2,151.4,1.8,NA,NA,NA,0,9,2010,NA,Discard
Southern Windowpane,488.3,66,52.6,13.4,NA,NA,NA,0,422.3,2010,NA,Discard
Ocean Pout,101.3,64.7,56.4,8.3,NA,NA,NA,0,36.7,2010,NA,Discard
Halibut,21.3,19.9,19.5,0.4,NA,NA,NA,0,1.4,2010,NA,Discard
Wolffish,22.2,22.1,18.7,3.5,NA,NA,NA,0,0.1,2010,NA,Discard
GB cod,155.3,147.7,144.3,3.4,NA,NA,NA,NA,7.7,2011,NA,Discard
GOM cod,188.9,169.1,145.5,23.7,NA,NA,NA,NA,19.7,2011,NA,Discard
GB Haddock,368.9,82,82,0,NA,0,NA,NA,286.8,2011,NA,Discard
GOM Haddock,15.7,7.5,7.4,0.1,NA,0,NA,NA,8.2,2011,NA,Discard
GB Yellowtail Flounder,166,49.1,48.9,0.2,NA,NA,73.7,0,43.1,2011,NA,Discard
SNE/MA Yellowtail Flounder,149.3,19.5,18.7,0.8,NA,NA,109.9,NA,19.9,2011,NA,Discard
CC/GOM Yellowtail Flounder,91.9,86.4,83.7,2.7,NA,NA,NA,NA,5.5,2011,NA,Discard
Plaice,206.9,196.3,195.7,0.5,NA,NA,NA,NA,10.7,2011,NA,Discard
Witch Flounder,227.1,62.4,62,0.3,NA,NA,NA,NA,164.7,2011,NA,Discard
GB Winter Flounder,71.6,13.2,13.2,0.1,NA,NA,NA,0,58.4,2011,NA,Discard
GOM Winter Flounder,45.9,5.1,5.1,0.1,NA,NA,NA,36.3,4.4,2011,NA,Discard
SNE/MA Winter Flounder,237.5,90.2,83.5,6.7,NA,NA,NA,7.9,139.4,2011,NA,Discard
Redfish,194.6,184.6,184.4,0.2,NA,NA,NA,NA,10,2011,NA,Discard
White Hake,36.5,33.6,32.6,1.1,NA,NA,NA,NA,2.9,2011,NA,Discard
Pollock,116.5,113.2,109.4,3.8,NA,NA,NA,NA,3.3,2011,NA,Discard
Northern Windowpane,190.9,156.5,156.2,0.3,NA,NA,NA,NA,34.4,2011,NA,Discard
Southern Windowpane,462.3,109.2,82.8,26.3,NA,NA,NA,NA,353.1,2011,NA,Discard
Ocean Pout,90.2,60.7,56.3,4.4,NA,NA,NA,NA,29.5,2011,NA,Discard
Halibut,33.1,31.2,31.1,0.1,NA,NA,NA,NA,1.9,2011,NA,Discard
Wolffish,32.9,32.9,32.2,0.7,NA,NA,NA,NA,0,2011,NA,Discard
GB cod,145.2,133.1,131.9,1.2,NA,NA,NA,3.4,8.7,2012,NA,Discard
GOM cod,1141.9,1136.4,122.1,5,1009.3,NA,NA,2,3.5,2012,NA,Discard
GB Haddock,314.2,270.7,270.6,0.2,NA,16.7,NA,5,21.7,2012,NA,Discard
GOM Haddock,35.5,33.4,33.3,0.1,NA,0,NA,0.5,1.5,2012,NA,Discard
GB Yellowtail Flounder,157.4,13.1,13,0.1,NA,NA,138.9,0,5.4,2012,NA,Discard
SNE/MA Yellowtail Flounder,157.9,43.9,41.8,2.1,NA,NA,51.6,5.3,57.2,2012,NA,Discard
CC/GOM Yellowtail Flounder,134.3,112.6,111.4,1.2,NA,NA,NA,1.8,19.9,2012,NA,Discard
Plaice,266.3,237.3,236.6,0.7,NA,NA,NA,7.1,22,2012,NA,Discard
Witch Flounder,227.7,65.9,65.6,0.3,NA,NA,NA,1.9,160,2012,NA,Discard
GB Winter Flounder,125.1,4.5,4.5,0,NA,NA,NA,0,120.5,2012,NA,Discard
GOM Winter Flounder,12.2,8.5,8.5,0,NA,NA,NA,1.5,2.2,2012,NA,Discard
SNE/MA Winter Flounder,246.8,105.3,104.2,1,NA,NA,NA,4,137.6,2012,NA,Discard
Redfish,332.5,320.6,320,0.6,NA,NA,NA,9.6,2.3,2012,NA,Discard
White Hake,48.8,38.2,32.9,5.3,NA,NA,NA,1.2,9.4,2012,NA,Discard
Pollock,1124.9,102.5,98.2,4.3,NA,NA,NA,431.7,590.7,2012,NA,Discard
Northern Windowpane,207.4,129.6,129.5,0.1,NA,NA,NA,0.8,77,2012,NA,Discard
Southern Windowpane,489.9,106.1,95.8,10.3,NA,NA,NA,12.7,371.1,2012,NA,Discard
Ocean Pout,53.1,39.1,35.4,3.6,NA,NA,NA,1.1,12.9,2012,NA,Discard
Halibut,46.9,45.3,45.2,0.1,NA,NA,NA,1.3,0.3,2012,NA,Discard
Wolffish,32.4,30.2,30,0.1,NA,NA,NA,1,1.2,2012,NA,Discard
GB Cod,62.4,47.7,46.6,1.1,NA,NA,NA,3.2,11.5,2013,NA,Discard
GOM cod,124.1,118.8,19.7,0.3,98.8,NA,NA,2.6,2.7,2013,NA,Discard
GB Haddock,360.2,281.1,281.1,0,NA,17.2,NA,5.9,56,2013,NA,Discard
GOM Haddock,23.1,20.8,20.8,0,0,0,NA,0.7,1.6,2013,NA,Discard
GB Yellowtail Flounder,43.5,9.6,9.6,0,NA,NA,33.9,0,0,2013,2.5,Discard
SNE/MA Yellowtail Flounder,89.5,11.8,10.9,0.9,NA,NA,47.1,6.1,24.5,2013,NA,Discard
CC/GOM Yellowtail Flounder,47.1,17.8,16.7,1,NA,NA,NA,2,27.3,2013,NA,Discard
Plaice,143.1,105,104.5,0.4,NA,NA,NA,9.2,28.9,2013,NA,Discard
Witch Flounder,115.8,39.8,39.3,0.5,NA,NA,NA,2.4,73.6,2013,NA,Discard
GB Winter Flounder,45.6,5.3,5.3,0,NA,NA,NA,0,40.3,2013,NA,Discard
GOM Winter Flounder,13.4,4.5,4.5,0,NA,NA,NA,2.1,6.7,2013,NA,Discard
SNE/MA Winter Flounder,172.2,11.7,6.8,4.9,NA,NA,NA,8.1,152.4,2013,NA,Discard
Redfish,402.4,386.6,385.6,0.9,NA,NA,NA,12.5,3.3,2013,NA,Discard
White Hake,32.4,23.8,23.2,0.6,NA,NA,NA,1.5,7.1,2013,NA,Discard
Pollock,1511.9,106.1,105.4,0.7,NA,NA,NA,723.6,682.2,2013,NA,Discard
Northern Windowpane,280.1,237.5,237.3,0.2,NA,NA,NA,0.9,41.6,2013,NA,Discard
Southern Windowpane,531.8,115.9,86,29.9,NA,NA,129.1,16.5,270.4,2013,NA,Discard
Ocean Pout,59.3,33.2,27.3,5.9,NA,NA,NA,1.5,24.6,2013,NA,Discard
Halibut,42.9,40.4,40.4,0.1,NA,NA,NA,1.7,0.7,2013,NA,Discard
Wolffish,19.1,17.1,17.1,0,NA,NA,NA,1.3,0.7,2013,NA,Discard
GB Cod,47.1,20.1,19.9,0.2,NA,NA,NA,0.4,26.5,2014,NA,Discard
GOM cod,250.7,179.3,24,0.2,155.1,NA,NA,1.8,69.6,2014,NA,Discard
GB Haddock,1255.9,473.7,473.6,0.1,NA,NA,NA,8.1,774.1,2014,NA,Discard
GOM Haddock,427,395.5,29.9,0.2,365.5,NA,NA,2.2,29.3,2014,NA,Discard
GB Yellowtail Flounder,69.1,8.8,8.7,0.1,NA,NA,59.3,NA,0,2014,1.1,Discard
SNE/MA Yellowtail Flounder,91.4,4,3.1,0.9,NA,NA,64.1,0.4,23,2014,NA,Discard
CC/GOM Yellowtail Flounder,54.3,15.9,15.8,0.1,NA,NA,NA,0.8,37.6,2014,NA,Discard
Plaice,103.8,78.5,78.1,0.4,NA,NA,NA,3.5,21.8,2014,NA,Discard
Witch Flounder,113.4,41.5,41.5,0.1,NA,NA,NA,1.8,70.1,2014,NA,Discard
GB Winter Flounder,46.5,3,3,0,NA,NA,NA,NA,43.5,2014,NA,Discard
GOM Winter Flounder,8.9,4.9,4.9,0,NA,NA,NA,2.1,1.8,2014,NA,Discard
SNE/MA Winter Flounder,71.6,4.1,3.1,1.1,NA,NA,NA,0.6,66.9,2014,NA,Discard
Redfish,353.8,325.7,323.8,1.9,NA,NA,NA,17,11.1,2014,NA,Discard
White Hake,328.9,24.1,22.9,1.2,NA,NA,NA,1.2,303.6,2014,NA,Discard
Pollock,143.7,135.1,133.6,1.5,NA,NA,NA,7.6,1,2014,NA,Discard
Northern Windowpane,269.3,157.7,157.4,0.3,NA,NA,NA,2.7,108.9,2014,NA,Discard
Southern Windowpane,464.2,96.3,68.2,28.1,NA,NA,140,10.2,217.7,2014,NA,Discard
Ocean Pout,117.9,33.1,30.8,2.3,NA,NA,NA,1.6,83.2,2014,NA,Discard
Halibut,28.6,26.6,26.6,0,NA,NA,NA,1.3,0.6,2014,NA,Discard
Wolffish,15.1,14.3,14.3,NA,NA,NA,NA,0.7,0.1,2014,NA,Discard
GB Cod,45.1,28.3,27.5,0.8,NA,NA,NA,0.6,16.2,2015,NA,Discard
GOM Cod,95.5,94,13.5,0.5,80,NA,NA,0.5,1,2015,NA,Discard
GB Haddock,1542.2,856.7,856.7,0,NA,0.6,NA,18.4,666.5,2015,NA,Discard
GOM Haddock,215.1,189.8,46.2,0,143.6,NA,NA,1.5,23.7,2015,NA,Discard
GB Yellowtail Flounder,31.7,1.9,1.9,0,NA,NA,29.8,NA,0,2015,0.1,Discard
SNE/MA Yellowtail Flounder,51.8,10.9,1.9,8.9,NA,NA,34.6,1,5.4,2015,NA,Discard
CC/GOM Yellowtail Flounder,45,18.8,18.3,0.5,NA,NA,NA,0.5,25.7,2015,NA,Discard
Plaice,106.6,83.9,81.2,2.7,NA,NA,NA,3,19.8,2015,NA,Discard
Witch Flounder,112.1,48.8,42.1,6.7,NA,NA,NA,1.7,61.7,2015,NA,Discard
GB Winter Flounder,21.1,4.1,4.1,0,NA,NA,NA,NA,17,2015,NA,Discard
GOM Winter Flounder,8.1,2.1,1.9,0.1,NA,NA,NA,1.5,4.5,2015,NA,Discard
SNE/MA Winter Flounder,124.4,8.6,4.3,4.3,NA,NA,NA,7.8,108,2015,NA,Discard
Redfish,107.8,101.9,101.9,0,NA,NA,NA,3.9,2,2015,NA,Discard
White Hake,20.5,14.4,14.4,NA,NA,NA,NA,0.5,5.5,2015,NA,Discard
Pollock,787.3,75.8,75.8,NA,NA,NA,NA,295.5,416.1,2015,NA,Discard
Northern Windowpane,189.5,73.6,73.6,0,NA,NA,NA,1,114.9,2015,NA,Discard
Southern Windowpane,620.6,137.4,90.4,47,NA,NA,210.6,17,255.6,2015,NA,Discard
Ocean Pout,76.2,52.3,44.1,8.2,NA,NA,NA,1.7,22.2,2015,NA,Discard
Halibut,39.8,37,36.9,0,NA,NA,NA,1.6,1.2,2015,NA,Discard
Wolffish,19.7,18.7,18.7,NA,NA,NA,NA,0.7,0.3,2015,NA,Discard
GB Cod,66.9,24.6,24.6,0.1,NA,NA,NA,9.5,32.8,2016,NA,Discard
GOM Cod,200.2,196.6,9.9,0.3,186.4,NA,NA,0.4,3.3,2016,NA,Discard
GB Haddock,1210.4,945.6,945.6,0,NA,3.6,NA,14,247.2,2016,NA,Discard
GOM Haddock,510.5,411,83.6,0.6,326.8,NA,NA,3.6,95.8,2016,NA,Discard
GB Yellowtail Flounder,7.3,0.5,0.5,NA,NA,NA,2.1,NA,0,2016,4.8,Discard
SNE/MA Yellowtail Flounder,22,3,1.4,1.5,NA,NA,10.7,0.3,8,2016,NA,Discard
CC/GOM Yellowtail Flounder,62.2,15.7,14.3,1.3,NA,NA,NA,0.5,46.1,2016,NA,Discard
Plaice,122.5,94.6,93,1.5,NA,NA,NA,3.1,24.9,2016,NA,Discard
Witch Flounder,117.4,64.4,63.9,0.5,NA,NA,NA,1.9,51.1,2016,NA,Discard
GB Winter Flounder,5,1.2,1.2,NA,NA,NA,NA,NA,3.8,2016,NA,Discard
GOM Winter Flounder,17.3,5,5,0,NA,NA,NA,7.3,5,2016,NA,Discard
SNE/MA Winter Flounder,111.6,9.6,7.7,1.8,NA,NA,NA,1.7,100.3,2016,NA,Discard
Redfish,55.9,51.7,51.7,0,NA,NA,NA,1.6,2.7,2016,NA,Discard
White Hake,43.6,35.4,35.4,NA,NA,NA,NA,0.9,7.4,2016,NA,Discard
Pollock,693.3,74.7,74.7,0,NA,NA,NA,347.4,271.1,2016,NA,Discard
Northern Windowpane,83.7,45,45,0,NA,NA,NA,0.7,37.9,2016,NA,Discard
Southern Windowpane,404,126.7,108.3,18.4,NA,NA,84.4,14.8,178.1,2016,NA,Discard
Ocean Pout,43.3,17.1,16.3,0.8,NA,NA,NA,0.4,25.8,2016,NA,Discard
Halibut,39,36.6,36.6,0,NA,NA,NA,1.3,1.1,2016,NA,Discard
Wolffish,0.8,0.6,0.6,0,NA,NA,NA,0,0.1,2016,NA,Discard
GB Cod,22.8,13.1,12.8,0.3,NA,NA,NA,0.6,9.2,2017,NA,Discard
GOM Cod,244.4,237.4,14.1,4.5,218.8,NA,NA,0.7,6.2,2017,NA,Discard
GB Haddock,749.8,564.2,564.2,NA,NA,NA,NA,12,173.5,2017,NA,Discard
GOM Haddock,405.1,359.3,97.5,0.5,261.3,NA,NA,3.8,42,2017,NA,Discard
GB Yellowtail Flounder,53,0.1,0.1,NA,NA,NA,52.6,NA,0,2017,0.4,Discard
SNE/MA Yellowtail Flounder,10.1,1.1,1.1,0,NA,NA,4.3,0.2,4.6,2017,NA,Discard
CC/GOM Yellowtail Flounder,49.9,18.3,16.4,1.9,NA,NA,NA,0.4,31.1,2017,NA,Discard
Plaice,87.6,70.7,70.3,0.4,NA,NA,NA,2.5,14.4,2017,NA,Discard
Witch Flounder,93.9,47.2,46.7,0.5,NA,NA,NA,1.7,45,2017,NA,Discard
GB Winter Flounder,13.9,0.7,0.7,NA,NA,NA,NA,NA,13.2,2017,NA,Discard
GOM Winter Flounder,11.7,3.1,3.1,0,NA,NA,NA,2.1,6.6,2017,NA,Discard
SNE/MA Winter Flounder,122,7.7,7.4,0.3,NA,NA,NA,1.1,113.2,2017,NA,Discard
Redfish,32.9,29,28.1,0.9,NA,NA,NA,1.2,2.7,2017,NA,Discard
White Hake,15.5,7.7,7.7,NA,NA,NA,NA,0.3,7.5,2017,NA,Discard
Pollock,866.6,38.1,38.1,0,NA,NA,NA,348.2,480.4,2017,NA,Discard
Northern Windowpane,87.4,35.1,33.9,1.2,NA,NA,44.1,0.5,7.7,2017,NA,Discard
Southern Windowpane,427.4,71.3,66.3,5,NA,NA,143.9,11.3,200.9,2017,NA,Discard
Ocean Pout,28.1,11.1,10.7,0.4,NA,NA,NA,0.3,16.6,2017,NA,Discard
Halibut,46.6,42.6,42.6,NA,NA,NA,NA,1.6,2.4,2017,NA,Discard
Wolffish,1.7,1.6,1.6,0,NA,NA,NA,0.1,0,2017,NA,Discard
